,ID,Title,Year,Rating,Genres,Director,Top_Cast_Member,Revenue,Production_Companies
0,637,Life Is Beautiful,1997,8.5,"['Comedy', 'Drama']",Roberto Benigni,Roberto Benigni,230098753,"['Mario e Vittorio Cecchi Gori - C.E.I.A.D.', 'Melampo Cinematografica']"
1,128,Princess Mononoke,1997,8.3,"['Adventure', 'Fantasy', 'Animation']",Hayao Miyazaki,Youji Matsuda,169000000,"['Studio Ghibli', 'Nibariki', 'dentsu Music And Entertainment', 'TNDG', 'Tokuma Shoten', 'Nippon Television Network Corporation', 'dentsu']"
2,18491,Neon Genesis Evangelion: The End of Evangelion,1997,8.3,"['Animation', 'Science Fiction', 'Action', 'Drama']",Hideaki Anno,Megumi Ogata,20000000,"['GAINAX', 'movic', 'Star Child Recording', 'TV Tokyo', 'Production I.G', 'KADOKAWA Shoten', 'Toei Company', 'SEGA']"
3,489,Good Will Hunting,1997,8.1,['Drama'],Gus Van Sant,Matt Damon,225900000,"['Miramax', 'Lawrence Bender Productions', 'Be Gentlemen Limited Partnership']"
4,38286,Three Men and a Leg,1997,8.0,['Comedy'],Massimo Venier,Aldo Baglio,0,"['Rodeo Drive', 'A.Gi.Di.', 'Medusa Film']"
5,21334,Children of Heaven,1997,7.9,"['Drama', 'Family']",Majid Majidi,Reza Naji,925402,"['Kanoon', 'Miramax']"
6,597,Titanic,1997,7.9,"['Drama', 'Romance']",James Cameron,Leonardo DiCaprio,2264162353,"['Paramount', '20th Century Fox', 'Lightstorm Entertainment']"
7,2118,L.A. Confidential,1997,7.8,"['Crime', 'Mystery', 'Thriller']",Curtis Hanson,Russell Crowe,126200000,"['Regency Enterprises', 'Warner Bros. Pictures', 'The Wolper Organization']"
8,16052,Selena,1997,7.7,"['Drama', 'Music', 'History']",Gregory Nava,Jennifer Lopez,60000000,"['Esparza / Katz Productions', 'Q Productions']"
9,5910,Fireworks,1997,7.7,"['Crime', 'Drama']",Takeshi Kitano,Takeshi Kitano,0,"['Bandai Visual', 'Office Kitano', 'TV Tokyo', 'Tokyo FM']"
10,13929,Geri's Game,1997,7.7,"['Animation', 'Family']",Jan Pinkava,Bob Peterson,0,"['Pixar', 'Walt Disney Pictures']"
11,30020,Taste of Cherry,1997,7.6,['Drama'],Abbas Kiarostami,Homayoun Ershadi,0,"['Kanoon', 'Abbas Kiarostami Productions', 'CiBy 2000']"
12,4995,Boogie Nights,1997,7.6,['Drama'],Paul Thomas Anderson,Mark Wahlberg,43101594,"['New Line Cinema', 'Lawrence Gordon Productions']"
13,9444,Anastasia,1997,7.6,"['Animation', 'Family', 'Fantasy', 'Adventure']",Gary Goldman,Meg Ryan,139804348,"['Fox Animation Studios', 'Fox Family Films', 'The Big Gun Project', 'Little Wolf Entertainment', '20th Century Fox']"
14,18329,Happy Together,1997,7.6,"['Drama', 'Romance']",Wong Kar-wai,Leslie Cheung,5000000,"['Jet Tone Production', 'Block 2 Pictures', 'Prénom H Co. Ltd.']"
15,638,Lost Highway,1997,7.6,"['Drama', 'Thriller', 'Mystery']",David Lynch,Bill Pullman,3756869,"['CiBy 2000', 'October Films', 'Asymmetrical Productions', 'Lost Highway Productions']"
16,2649,The Game,1997,7.6,"['Drama', 'Thriller', 'Mystery']",David Fincher,Michael Douglas,109423648,"['PolyGram Filmed Entertainment', 'Propaganda Films']"
17,782,Gattaca,1997,7.6,"['Thriller', 'Science Fiction', 'Mystery', 'Romance']",Andrew Niccol,Ethan Hawke,12532777,"['Jersey Films', 'Columbia Pictures']"
18,9366,Donnie Brasco,1997,7.5,"['Crime', 'Drama', 'Thriller']",Mike Newell,Johnny Depp,124909762,"['Phoenix Pictures', 'Mark Johnson Productions', 'Baltimore Pictures', 'TriStar Pictures', 'Mandalay Pictures']"
19,18,The Fifth Element,1997,7.5,"['Adventure', 'Fantasy', 'Action', 'Thriller', 'Science Fiction']",Luc Besson,Bruce Willis,263920180,"['Gaumont', 'Buena Vista International']"
20,73,American History X,1998,8.4,['Drama'],Tony Kaye,Edward Norton,23875127,"['New Line Cinema', 'Savoy Pictures', 'The Turman-Morrissey Company']"
21,10494,Perfect Blue,1998,8.3,"['Animation', 'Thriller']",Satoshi Kon,Junko Iwao,112536,"['Madhouse', 'Rex Entertainment', 'Kotobuki Seihan Printing', 'Asahi Broadcasting Corporation', 'Fangs Co.']"
22,10376,The Legend of 1900,1998,8.3,"['Drama', 'Music']",Giuseppe Tornatore,Tim Roth,21057208,"['Medusa Film', 'Sciarlò']"
23,857,Saving Private Ryan,1998,8.2,"['Drama', 'History', 'War']",Steven Spielberg,Tom Hanks,481840909,"['DreamWorks Pictures', 'Paramount', 'Amblin Entertainment', 'Mutual Film Company']"
24,666,Central Station,1998,8.1,['Drama'],Walter Salles,Fernanda Montenegro,5596708,"['MACT Productions', 'Videofilms', 'Riofilm']"
25,37165,The Truman Show,1998,8.1,"['Comedy', 'Drama']",Peter Weir,Jim Carrey,264118201,"['Paramount', 'Scott Rudin Productions']"
26,100,"Lock, Stock and Two Smoking Barrels",1998,8.1,"['Comedy', 'Crime']",Guy Ritchie,Jason Flemyng,28356188,"['Summit Entertainment', 'The Steve Tisch Company', 'SKA Films', 'PolyGram Filmed Entertainment', 'HandMade Films']"
27,10674,Mulan,1998,7.9,"['Animation', 'Family', 'Adventure']",Tony Bancroft,Ming-Na Wen,304320254,"['Walt Disney Pictures', 'Walt Disney Feature Animation']"
28,115,The Big Lebowski,1998,7.8,"['Comedy', 'Crime']",Joel Coen,Jeff Bridges,47010480,"['PolyGram Filmed Entertainment', 'Working Title Films']"
29,9421,The Dinner Game,1998,7.8,['Comedy'],Francis Veber,Jacques Villeret,78599508,"['Gaumont', 'EFVE', 'TPS Cinéma', 'TF1 Films Production']"
30,309,The Celebration,1998,7.7,['Drama'],Thomas Vinterberg,Ulrich Thomsen,0,"['DR', 'SVT', 'Nimbus Film']"
31,1075,"Black Cat, White Cat",1998,7.7,"['Comedy', 'Romance', 'Crime']",Emir Kusturica,Bajram Severdzan,0,"['CiBy 2000', 'Pandora Film', 'Komuna']"
32,49992,Lucky and Zorba,1998,7.7,"['Family', 'Animation']",Enzo D'Alò,Carlo Verdone,0,['Cecchi Gori Group Tiger Cinematografica']
33,38396,That's Life,1998,7.5,['Comedy'],Massimo Venier,Aldo Baglio,0,"['Medusa Film', 'A.Gi.Di.', 'Kubla Khan', 'Rodeo Drive']"
34,10683,Happiness,1998,7.5,"['Comedy', 'Drama']",Todd Solondz,Jane Adams,2807390,"['Good Machine', 'Killer Films']"
35,8741,The Thin Red Line,1998,7.4,"['Drama', 'History', 'War']",Terrence Malick,Sean Penn,98126565,"['Fox 2000 Pictures', 'Phoenix Pictures', 'Pioneer LDC', 'George Stevens Jr. Productions', 'Geisler-Roberdeau Productions']"
36,11545,Rushmore,1998,7.4,"['Comedy', 'Drama']",Wes Anderson,Jason Schwartzman,17096053,"['Touchstone Pictures', 'American Empirical Pictures']"
37,9454,EverAfter,1998,7.4,"['Drama', 'Romance', 'Comedy']",Andy Tennant,Drew Barrymore,65700000,"['20th Century Fox', 'Fox Family Films']"
38,2666,Dark City,1998,7.3,"['Mystery', 'Science Fiction']",Alex Proyas,Rufus Sewell,27200316,"['New Line Cinema', 'Mystery Clock Cinema']"
39,104,Run Lola Run,1998,7.3,"['Action', 'Drama', 'Thriller']",Tom Tykwer,Franka Potente,7267585,"['X Filme Creative Pool', 'WDR']"
40,497,The Green Mile,1999,8.5,"['Fantasy', 'Drama', 'Crime']",Frank Darabont,Tom Hanks,286801374,"['Warner Bros. Pictures', 'Universal Pictures', 'PolyGram Filmed Entertainment', 'Castle Rock Entertainment', 'Darkwoods Productions']"
41,550,Fight Club,1999,8.4,['Drama'],David Fincher,Edward Norton,100853753,"['Fox 2000 Pictures', 'Regency Enterprises', 'The Linson Company', '20th Century Fox', 'Taurus Film']"
42,603,The Matrix,1999,8.2,"['Action', 'Science Fiction']",Lilly Wachowski,Keanu Reeves,463517383,"['Village Roadshow Pictures', 'Groucho II Film Partnership', 'Silver Pictures', 'Warner Bros. Pictures']"
43,14,American Beauty,1999,8.0,['Drama'],Sam Mendes,Kevin Spacey,356296601,"['DreamWorks Pictures', 'Jinks/Cohen Company']"
44,745,The Sixth Sense,1999,7.9,"['Mystery', 'Thriller', 'Drama']",M. Night Shyamalan,Bruce Willis,672800000,"['Spyglass Entertainment', 'The Kennedy/Marshall Company', 'Hollywood Pictures', 'Barry Mendel Productions']"
45,10386,The Iron Giant,1999,7.9,"['Family', 'Animation', 'Science Fiction', 'Drama']",Brad Bird,Vin Diesel,23159305,['Warner Bros. Feature Animation']
46,334,Magnolia,1999,7.7,['Drama'],Paul Thomas Anderson,Philip Baker Hall,48451803,"['Ghoulardi Film Company', 'New Line Cinema', 'JoAnne Sellar Productions']"
47,404,The Straight Story,1999,7.7,['Drama'],David Lynch,Richard Farnsworth,6200000,"['Walt Disney Pictures', 'Asymmetrical Productions', 'Les Films Alain Sarde', 'StudioCanal', 'The Picture Factory', 'The Straight Story, Inc', 'Canal+', 'CiBy 2000', 'Film4 Productions']"
48,99,All About My Mother,1999,7.7,"['Comedy', 'Drama']",Pedro Almodóvar,Cecilia Roth,67872296,"['Renn Productions', 'France 2 Cinéma', 'El Deseo', 'Vía Digital', 'Canal+']"
49,13466,October Sky,1999,7.6,"['Drama', 'Family']",Joe Johnston,Laura Dern,34698685,['Universal Pictures']
50,863,Toy Story 2,1999,7.6,"['Animation', 'Comedy', 'Family']",John Lasseter,Tom Hanks,497366869,['Pixar']
51,4951,10 Things I Hate About You,1999,7.6,"['Comedy', 'Romance', 'Drama']",Gil Junger,Heath Ledger,53478166,"['Mad Chance', 'Jaret Entertainment']"
52,3558,"Girl, Interrupted",1999,7.6,['Drama'],James Mangold,Winona Ryder,48350205,"['Red Wagon Entertainment', '3 Arts Entertainment', 'Global Medien KG', 'Columbia Pictures']"
53,345,Eyes Wide Shut,1999,7.5,"['Drama', 'Thriller', 'Mystery']",Stanley Kubrick,Tom Cruise,162100000,"['Stanley Kubrick Productions', 'Hobby Films', 'Warner Bros. Pictures', 'Pole Star']"
54,9008,The Insider,1999,7.5,"['Drama', 'Thriller']",Michael Mann,Al Pacino,60300000,"['Touchstone Pictures', 'Forward Pass', 'Mann/Roth Productions', 'Spyglass Entertainment']"
55,226,Boys Don't Cry,1999,7.4,"['Crime', 'Drama']",Kimberly Peirce,Hilary Swank,11540607,"['IFC Films', 'Fox Searchlight Pictures', 'The Independent Film Channel Productions', 'Killer Films', 'Hart-Sharp Entertainment']"
56,10400,The Hurricane,1999,7.4,['Drama'],Norman Jewison,Denzel Washington,73956241,"['Universal Pictures', 'Azoff Entertainment', 'Beacon Communications', 'Beacon Pictures', 'Buena Vista International', 'Touchstone Pictures']"
57,492,Being John Malkovich,1999,7.4,"['Comedy', 'Drama', 'Fantasy']",Spike Jonze,John Cusack,22863596,"['Universal Pictures', 'PolyGram Filmed Entertainment', 'Propaganda Films', 'Single Cell Pictures']"
58,37135,Tarzan,1999,7.4,"['Family', 'Adventure', 'Animation', 'Drama']",Kevin Lima,Tony Goldwyn,448200000,"['Walt Disney Pictures', 'Edgar Rice Burroughs Inc.', 'Walt Disney Feature Animation']"
59,1542,Office Space,1999,7.4,['Comedy'],Mike Judge,Ron Livingston,12827813,['20th Century Fox']
60,40096,A Dog's Will,2000,8.4,"['Comedy', 'Drama', 'Fantasy']",Guel Arraes,Matheus Nachtergaele,4903192,"['Lereby Produções', 'Globo Filmes']"
61,98,Gladiator,2000,8.2,"['Action', 'Drama', 'Adventure']",Ridley Scott,Russell Crowe,465361176,"['Universal Pictures', 'Scott Free Productions', 'Red Wagon Entertainment', 'Mill Film', 'C & L', 'Dawliz', 'DreamWorks Pictures']"
62,77,Memento,2000,8.2,"['Mystery', 'Thriller']",Christopher Nolan,Guy Pearce,39700000,"['Summit Entertainment', 'Newmarket Capital Group', 'Team Todd', 'I Remember Productions']"
63,843,In the Mood for Love,2000,8.1,"['Drama', 'Romance']",Wong Kar-wai,Tony Leung Chiu-wai,14204632,"['Block 2 Pictures', 'Orly Films', 'Jet Tone Films', 'Paradis Films', 'Fortissimo Films']"
64,641,Requiem for a Dream,2000,8.0,"['Crime', 'Drama']",Darren Aronofsky,Ellen Burstyn,7400000,"['Artisan Entertainment', 'Thousand Words', 'Protozoa Pictures']"
65,16,Dancer in the Dark,2000,7.9,"['Drama', 'Crime']",Lars von Trier,Björk,40031879,"['Lantia Cinema & Audiovisivi', 'Fine Line Features', 'Zentropa Entertainments', 'DR', 'SVT Drama', 'ARTE', 'Memfis Film', 'France 3 Cinéma', 'Angel films', 'YLE', 'Blind Spot Pictures', 'Liberator Productions', 'Íslenska kvikmyndasamsteypan', 'Pain Unlimited GmbH Filmproduktion', 'Trust Film Svenska', 'Cinematograph A/S', 'What Else? B.V', 'Filmek A/S', 'Film4 Productions', 'Canal+', 'ARTE France Cinéma', 'Film i Väst', 'TV 1000 Sverige', 'WDR', 'Constantin Film', 'VPRO']"
66,2440,Joint Security Area,2000,7.9,"['War', 'Drama', 'Thriller', 'Action']",Park Chan-wook,Lee Young-ae,0,"['CJ Entertainment', 'Intz.com', 'KTB Network', 'Myung Films']"
67,29458,One Hundred Steps,2000,7.8,"['Drama', 'History']",Marco Tullio Giordana,Luigi Lo Cascio,1805884,"['Titti Film', 'TELE+', 'RAI Cinema']"
68,107,Snatch,2000,7.8,"['Crime', 'Comedy']",Guy Ritchie,Jason Statham,83557872,"['SKA Films', 'Columbia Pictures', 'Screen Gems']"
69,18079,Nine Queens,2000,7.8,"['Crime', 'Thriller']",Fabián Bielinsky,Ricardo Darín,12413888,"['Naya Films S.A.', 'Patagonik', 'FX Sound', 'Industrias Audiovisuales Argentinas S.A.', 'J.Z. & Asociados', 'Kodak Argentina S.A.', 'INCAA']"
70,8358,Cast Away,2000,7.7,"['Adventure', 'Drama']",Robert Zemeckis,Tom Hanks,429632142,"['20th Century Fox', 'DreamWorks Pictures', 'ImageMovers', 'Playtone']"
71,50531,Ask Me If I Am Happy,2000,7.7,['Comedy'],Massimo Venier,Aldo Baglio,0,"['Medusa Film', 'A.Gi.Di.', 'Kubla Khan']"
72,55,Amores Perros,2000,7.6,"['Drama', 'Thriller']",Alejandro González Iñárritu,Gael García Bernal,20908467,"['Altavista Films', 'Zeta Film']"
73,10637,Remember the Titans,2000,7.6,['Drama'],Boaz Yakin,Denzel Washington,136700000,"['Jerry Bruckheimer Films', 'Run It Up Productions Inc.', 'Technical Black', 'Walt Disney Pictures']"
74,71,Billy Elliot,2000,7.6,"['Drama', 'Comedy', 'Music']",Stephen Daldry,Jamie Bell,109280263,"['StudioCanal', 'BBC Film', 'Tiger Aspect', 'Arts Council of England', 'Working Title Films', 'WT2 Productions', 'Focus Features', 'Universal Pictures']"
75,11688,The Emperor's New Groove,2000,7.5,"['Adventure', 'Animation', 'Comedy', 'Family', 'Fantasy']",Mark Dindal,David Spade,169327687,"['Walt Disney Pictures', 'Walt Disney Feature Animation']"
76,15999,Vampire Hunter D: Bloodlust,2000,7.5,"['Animation', 'Fantasy', 'Horror', 'Action']",Yoshiaki Kawajiri,Hideyuki Tanaka,151086,"['Madhouse', 'Goodhill Vision']"
77,786,Almost Famous,2000,7.5,"['Drama', 'Music']",Cameron Crowe,Patrick Fugit,47386287,"['DreamWorks Pictures', 'Columbia Pictures', 'Vinyl Films']"
78,13930,For the Birds,2000,7.5,"['Animation', 'Family', 'Comedy']",Ralph Eggleston,Ralph Eggleston,0,['Pixar']
79,11978,Men of Honor,2000,7.5,['Drama'],George Tillman Jr.,Robert De Niro,82300000,['Fox 2000 Pictures']
80,129,Spirited Away,2001,8.5,"['Animation', 'Family', 'Fantasy']",Hayao Miyazaki,Rumi Hiiragi,274925095,['Studio Ghibli']
81,120,The Lord of the Rings: The Fellowship of the Ring,2001,8.4,"['Adventure', 'Fantasy', 'Action']",Peter Jackson,Elijah Wood,871368364,"['New Line Cinema', 'WingNut Films', 'The Saul Zaentz Company']"
82,671,Harry Potter and the Philosopher's Stone,2001,7.9,"['Adventure', 'Fantasy']",Chris Columbus,Daniel Radcliffe,976475550,"['Warner Bros. Pictures', 'Heyday Films', '1492 Pictures']"
83,194,Amélie,2001,7.9,"['Comedy', 'Romance']",Jean-Pierre Jeunet,Audrey Tautou,173921954,"['France 3 Cinéma', 'Claudie Ossard Productions', 'MMC Independent', 'Tapioca Films', 'Sofica Sofinergie 5', 'Victoires Productions', 'Canal+', 'Filmstiftung Nordrhein-Westfalen', 'Union Générale Cinématographique (UGC)']"
84,453,A Beautiful Mind,2001,7.9,"['Drama', 'Romance']",Ron Howard,Russell Crowe,316800000,"['Universal Pictures', 'DreamWorks Pictures', 'Imagine Entertainment', 'Brian Grazer Productions']"
85,585,"Monsters, Inc.",2001,7.8,"['Animation', 'Comedy', 'Family']",Pete Docter,John Goodman,579707738,['Pixar']
86,1018,Mulholland Drive,2001,7.8,"['Thriller', 'Drama', 'Mystery']",David Lynch,Naomi Watts,20271129,"['Asymmetrical Productions', 'Les Films Alain Sarde', 'Babbo Inc.', 'The Picture Factory', 'Canal+', 'StudioCanal']"
87,141,Donnie Darko,2001,7.8,"['Fantasy', 'Drama', 'Mystery']",Richard Kelly,Jake Gyllenhaal,7500000,"['Flower Films', 'Gaylord Films', 'Adam Fields Productions', 'Pandora Cinema']"
88,10757,Kabhi Khushi Kabhie Gham,2001,7.7,"['Comedy', 'Drama']",Karan Johar,Shah Rukh Khan,0,"['Dharma Productions', 'Yash Raj Films', 'British Film Commission', 'K3G Films Limited']"
89,808,Shrek,2001,7.7,"['Animation', 'Comedy', 'Fantasy', 'Adventure', 'Family']",Andrew Adamson,Mike Myers,487900000,"['DreamWorks Pictures', 'Pacific Data Images', 'DreamWorks Animation']"
90,11299,Cowboy Bebop: The Movie,2001,7.7,"['Action', 'Animation', 'Science Fiction']",Shinichiro Watanabe,Koichi Yamadera,0,"['TriStar Pictures', 'Bandai Visual', 'Destination Films', 'SUNRISE', 'Emotion', 'BONES']"
91,13151,Scooby-Doo on Zombie Island,2001,7.7,"['Animation', 'Mystery', 'Family', 'Horror']",Jim Stenstrum,B.J. Ward,0,"['Hanna-Barbera Productions', 'Warner Bros. Family Entertainment']"
92,1933,The Others,2001,7.6,"['Horror', 'Mystery', 'Thriller']",Alejandro Amenábar,Nicole Kidman,209947037,"['Cruise/Wagner Productions', 'Sogecine', 'Las Producciones del Escorpion', 'Dimension Films', 'StudioCanal', 'Canal+ Spain']"
93,824,Moulin Rouge!,2001,7.6,"['Drama', 'Romance', 'Music']",Baz Luhrmann,Nicole Kidman,179213434,"['20th Century Fox', 'Bazmark']"
94,10950,I Am Sam,2001,7.6,['Drama'],Jessie Nelson,Sean Penn,92542418,"['New Line Cinema', 'Bedford Falls Productions', 'Red Fish, Blue Fish Films']"
95,10778,The Man Who Wasn't There,2001,7.5,"['Crime', 'Drama']",Joel Coen,Billy Bob Thornton,0,"['Good Machine', 'Mike Zoss Productions', 'Working Title Films', 'USA Films']"
96,11178,My Sassy Girl,2001,7.5,"['Drama', 'Comedy', 'Romance']",Kwak Jae-yong,Jun Ji-hyun,0,['Shin Cine Communications']
97,2034,Training Day,2001,7.5,"['Action', 'Crime', 'Drama']",Antoine Fuqua,Denzel Washington,104900000,"['WV Films II', 'Village Roadshow Pictures', 'NPV Entertainment', 'Outlaw Productions', 'Warner Bros. Pictures']"
98,9428,The Royal Tenenbaums,2001,7.5,"['Comedy', 'Drama']",Wes Anderson,Gene Hackman,71441250,"['Touchstone Pictures', 'American Empirical Pictures']"
99,9081,Waking Life,2001,7.5,"['Animation', 'Drama', 'Fantasy']",Richard Linklater,Ethan Hawke,3176880,"['Line Research', 'Fox Searchlight Pictures', 'Thousand Words', 'Flat Black Films', 'Detour Filmproduction', 'Independent Film Channel']"
100,598,City of God,2002,8.4,"['Drama', 'Crime']",Fernando Meirelles,Alexandre Rodrigues,30641770,"['O2 Filmes', 'VideoFilmes', 'Wild Bunch', 'Hank Levine Film', 'Globo Filmes', 'Lumière', 'Lei do Audiovisual Ministério da Cultura Audiovisual']"
101,121,The Lord of the Rings: The Two Towers,2002,8.4,"['Adventure', 'Fantasy', 'Action']",Peter Jackson,Elijah Wood,926287400,"['New Line Cinema', 'WingNut Films', 'The Saul Zaentz Company']"
102,423,The Pianist,2002,8.4,"['Drama', 'War']",Roman Polanski,Adrien Brody,120100000,"['Canal+ Polska', 'Bac Films', 'Heritage Films', 'Studio Babelsberg', 'Agencja Produkcji Filmowej', 'FFF Bayern', 'Filmboard Berlin-Brandenburg (FBB)', 'R.P. Productions', 'StudioCanal', 'Canal+', 'TVP', 'Runteam', 'FFA']"
103,640,Catch Me If You Can,2002,8.0,"['Drama', 'Crime']",Steven Spielberg,Leonardo DiCaprio,352114312,"['Parkes/MacDonald Productions', 'Kemp Company', 'Splendid Pictures']"
104,33320,Millennium Actress,2002,7.8,"['Animation', 'Drama', 'Romance']",Satoshi Kon,Miyoko Shoji,37641,['Madhouse']
105,10775,Infernal Affairs,2002,7.8,"['Drama', 'Action', 'Thriller', 'Crime', 'Mystery']",Andrew Lau Wai-Keung,Andy Lau,8708932,['Media Asia Films']
106,10229,A Walk to Remember,2002,7.7,"['Drama', 'Romance']",Adam Shankman,Mandy Moore,47494916,"['Gaylord Films', 'Pandora Pictures', 'Di Novi Pictures', 'Warner Bros. Pictures']"
107,672,Harry Potter and the Chamber of Secrets,2002,7.7,"['Adventure', 'Fantasy']",Chris Columbus,Daniel Radcliffe,876688482,"['Warner Bros. Pictures', 'Heyday Films', '1492 Pictures']"
108,9023,Spirit: Stallion of the Cimarron,2002,7.7,"['Animation', 'Adventure', 'Comedy', 'Family', 'Drama']",Kelly Asbury,Matt Damon,122563539,"['DreamWorks Animation', 'DreamWorks Pictures']"
109,11362,The Count of Monte Cristo,2002,7.7,"['Adventure', 'Drama', 'History']",Kevin Reynolds,Jim Caviezel,75395048,"['Touchstone Pictures', 'Spyglass Entertainment', 'World 2000 Entertainment', 'Count of Monte Cristo Ltd.']"
110,64,Talk to Her,2002,7.6,"['Drama', 'Romance']",Pedro Almodóvar,Leonor Watling,64803131,"['Vía Digital', 'Good Machine', 'El Deseo', 'Atresmedia', 'Sony Pictures Classics', 'Warner Bros. Entertainment España']"
111,9016,Treasure Planet,2002,7.5,"['Adventure', 'Animation', 'Family', 'Fantasy', 'Science Fiction']",Ron Clements,Joseph Gordon-Levitt,109578115,"['Walt Disney Pictures', 'Walt Disney Feature Animation']"
112,1430,Bowling for Columbine,2002,7.5,"['Documentary', 'Drama']",Michael Moore,Michael Moore,35564473,"['Vif Babelsberger Filmproduktion GmbH & Co. Zweite KG', 'Alliance Atlantis', 'Dog Eat Dog Films', 'Iconolatry Productions Inc.', 'Salter Street Films', 'TiMe Film- und TV-Produktions GmbH', 'United Broadcasting Inc.']"
113,11544,Lilo & Stitch,2002,7.5,"['Animation', 'Family']",Chris Sanders,Daveigh Chase,273144151,"['Walt Disney Pictures', 'Walt Disney Feature Animation']"
114,79,Hero,2002,7.5,"['Drama', 'Adventure', 'Action', 'History']",Zhang Yimou,Jet Li,177394432,"['Beijing New Picture Film Co. Ltd.', 'China Film Co-Production Corporation', 'Miramax']"
115,4689,Sympathy for Mr. Vengeance,2002,7.5,"['Action', 'Drama', 'Thriller']",Park Chan-wook,Song Kang-ho,1954937,"['CJ Entertainment', 'Studio Box']"
116,2501,The Bourne Identity,2002,7.5,"['Action', 'Drama', 'Mystery', 'Thriller']",Doug Liman,Matt Damon,214034224,"['Universal Pictures', 'Hypnotic', 'Kalima Productions', 'Stillking Films', 'The Kennedy/Marshall Company']"
117,1360,Frida,2002,7.4,"['Drama', 'Romance']",Julie Taymor,Salma Hayek Pinault,56298474,"['Miramax', 'Margaret Rose Perenchio Productions', 'Ventanarosa Productions', 'Lionsgate']"
118,2899,Asterix & Obelix: Mission Cleopatra,2002,7.4,"['Family', 'Fantasy', 'Comedy', 'Adventure']",Alain Chabat,Christian Clavier,128027976,"['Canal+', 'KC Medien', 'Katharina', 'La Petite Reine', 'Renn Productions', 'CNC', 'TF1 Films Production', 'Chez Wam']"
119,20312,Interstate 60,2002,7.4,"['Adventure', 'Comedy', 'Fantasy']",Bob Gale,James Marsden,0,['Fireworks Pictures']
120,122,The Lord of the Rings: The Return of the King,2003,8.5,"['Adventure', 'Fantasy', 'Action']",Peter Jackson,Elijah Wood,1118888979,"['New Line Cinema', 'WingNut Films', 'The Saul Zaentz Company']"
121,670,Oldboy,2003,8.3,"['Drama', 'Thriller', 'Mystery', 'Action']",Park Chan-wook,Choi Min-sik,17500000,"['Show East', 'CJ Entertainment', 'Egg Film', 'Cineclick Asia']"
122,11423,Memories of Murder,2003,8.1,"['Crime', 'Drama', 'Thriller']",Bong Joon-ho,Song Kang-ho,26000000,"['CJ Entertainment', 'Muhan Investment', 'Sidus']"
123,24,Kill Bill: Vol. 1,2003,8.0,"['Action', 'Crime']",Quentin Tarantino,Uma Thurman,180906076,"['Miramax', 'A Band Apart', 'Super Cool ManChu']"
124,13398,Tokyo Godfathers,2003,7.9,"['Animation', 'Drama', 'Comedy']",Satoshi Kon,Aya Okamoto,0,"['Madhouse', 'Sony Pictures', 'dentsu', 'GENCO']"
125,113,"Spring, Summer, Fall, Winter... and Spring",2003,7.9,['Drama'],Kim Ki-duk,Oh Young-soo,8945072,"['LJ Film', 'Korea Pictures', 'Cineclick Asia', 'Cinesoul', 'Mirae Asset Capital', 'Muhan Investment', 'Pandora Film']"
126,12,Finding Nemo,2003,7.8,"['Animation', 'Family']",Andrew Stanton,Albert Brooks,940335536,['Pixar']
127,22,Pirates of the Caribbean: The Curse of the Black Pearl,2003,7.8,"['Adventure', 'Fantasy', 'Action']",Gore Verbinski,Johnny Depp,655011224,"['Walt Disney Pictures', 'Jerry Bruckheimer Films']"
128,553,Dogville,2003,7.8,"['Crime', 'Drama', 'Thriller']",Lars von Trier,Nicole Kidman,16680836,"['YLE', 'Zentropa Entertainments', 'DR', 'Trollhättan Film', 'Memfis Film', 'France 3 Cinéma', 'Slot Machine', 'Liberator Productions', 'Nederlandse Programma Stichting (NPS)', 'Isabella Films B.V.', 'Pain Unlimited GmbH Filmproduktion', 'Something Else B.V.', 'Sigma Films', 'Zoma Films Ltd.', 'ARTE France Cinéma', 'SVT', 'WDR/Arte', 'Film i Väst', 'Edith Film', 'Invicta Capital', '4 1/2', 'TV 2']"
129,587,Big Fish,2003,7.8,"['Adventure', 'Fantasy', 'Drama']",Tim Burton,Ewan McGregor,123218424,"['Columbia Pictures', 'The Zanuck Company', 'Jinks/Cohen Company', 'Tim Burton Productions']"
130,322,Mystic River,2003,7.7,"['Thriller', 'Crime', 'Drama', 'Mystery']",Clint Eastwood,Sean Penn,156822020,"['Warner Bros. Pictures', 'Village Roadshow Pictures', 'NPV Entertainment', 'Malpaso Productions']"
131,616,The Last Samurai,2003,7.6,"['Drama', 'Action', 'War']",Edward Zwick,Tom Cruise,456800000,"['Warner Bros. Pictures', 'Bedford Falls Productions', 'Radar Pictures', 'Cruise/Wagner Productions']"
132,8440,Carandiru,2003,7.6,['Drama'],Héctor Babenco,Luiz Carlos Vasconcelos,10782155,"['Oscar Kramer S.A.', 'BR Petrobrás', 'HB Filmes', 'Columbia TriStar Filmes do Brasil', 'Sony Pictures Classics', 'Globo Filmes']"
133,338,"Good Bye, Lenin!",2003,7.6,"['Comedy', 'Drama']",Wolfgang Becker,Daniel Brühl,79384880,"['WDR', 'ARTE', 'X Filme Creative Pool']"
134,11615,The Life of David Gale,2003,7.4,"['Drama', 'Thriller', 'Crime']",Alan Parker,Kevin Spacey,38955598,"['Mikona Productions', 'Universal Pictures', 'Intermedia', 'Saturn Films', 'Dirty Hands Productions']"
135,153,Lost in Translation,2003,7.4,"['Drama', 'Romance']",Sofia Coppola,Bill Murray,119723856,"['American Zoetrope', 'Focus Features', 'TFC', 'Elemental Films']"
136,2056,The Station Agent,2003,7.4,"['Drama', 'Comedy']",Tom McCarthy,Peter Dinklage,8679814,"['Next Wednesday Productions', 'SenArt Films']"
137,9662,The Triplets of Belleville,2003,7.4,"['Animation', 'Comedy', 'Drama']",Sylvain Chomet,Suzy Falk,14776760,"['Production Champion', 'Vivi Film', 'France 3 Cinéma', 'BBC Bristol Productions', 'BBC Worldwide', 'The Movie Network', 'RGP France', 'SODEC', 'Les Armateurs']"
138,470,21 Grams,2003,7.3,"['Drama', 'Crime', 'Thriller']",Alejandro González Iñárritu,Sean Penn,60427839,"['This Is That', 'Y Productions', 'Mediana Productions Filmgesellschaft', 'Focus Features']"
139,10009,Brother Bear,2003,7.3,"['Adventure', 'Animation', 'Family']",Aaron Blaise,Joaquin Phoenix,250397798,['Walt Disney Feature Animation']
140,4935,Howl's Moving Castle,2004,8.4,"['Fantasy', 'Animation', 'Adventure']",Hayao Miyazaki,Chieko Baisho,236049757,"['Studio Ghibli', 'dentsu Music And Entertainment', 'Mitsubishi', 'Nippon Television Network Corporation', 'TFC', 'Tokuma Shoten', 'd-rights']"
141,38,Eternal Sunshine of the Spotless Mind,2004,8.1,"['Science Fiction', 'Drama', 'Romance']",Michel Gondry,Jim Carrey,72258126,"['Focus Features', 'Anonymous Content', 'This Is That']"
142,673,Harry Potter and the Prisoner of Azkaban,2004,8.0,"['Adventure', 'Fantasy']",Alfonso Cuarón,Daniel Radcliffe,789804554,"['Warner Bros. Pictures', '1492 Pictures', 'Heyday Films', 'P of A Productions Limited']"
143,11658,Tae Guk Gi: The Brotherhood of War,2004,8.0,"['Action', 'Adventure', 'Drama', 'History', 'War']",Kang Je-kyu,Jang Dong-gun,0,"['Kang Je-gyu Films', 'KD Media', 'Seoul Broadcasting System', 'Tooniverse', 'Destination Films', 'Samuel Goldwyn Films', 'Showbox']"
144,70,Million Dollar Baby,2004,8.0,['Drama'],Clint Eastwood,Clint Eastwood,216763646,"['Lakeshore Entertainment', 'Malpaso Productions', 'Epsilon Motion Pictures', 'Albert S. Ruddy Productions', 'Warner Bros. Pictures']"
145,11036,The Notebook,2004,7.9,"['Romance', 'Drama']",Nick Cassavetes,Rachel McAdams,115603229,"['New Line Cinema', 'Avery Pix', 'Gran Via Productions']"
146,393,Kill Bill: Vol. 2,2004,7.9,"['Action', 'Crime', 'Thriller']",Quentin Tarantino,Uma Thurman,152159461,"['Super Cool ManChu', 'Miramax', 'A Band Apart']"
147,613,Downfall,2004,7.9,"['Drama', 'History', 'War']",Oliver Hirschbiegel,Bruno Ganz,92200000,"['NDR', 'ORF', 'Degeto Film', 'EOS Entertainment', 'WDR', 'RAI', 'Constantin Film']"
148,80,Before Sunset,2004,7.8,"['Drama', 'Romance']",Richard Linklater,Ethan Hawke,15992615,"['Warner Independent Pictures', 'Castle Rock Entertainment', 'Detour Filmproduction']"
149,1280,3-Iron,2004,7.8,"['Drama', 'Romance', 'Crime']",Kim Ki-duk,Lee Seung-yun,3403957,"['Kim Ki Duk Film', 'Cineclick Asia', 'Happinet Pictures', 'Chungeorahm Film']"
150,205,Hotel Rwanda,2004,7.7,"['Drama', 'History', 'War']",Terry George,Don Cheadle,38000000,"['Sixth Sense Productions', 'United Artists', 'Miracle Pictures', 'Inside Track Films', 'Mikado Film', 'Endgame Entertainment', 'Lions Gate Films']"
151,5528,The Chorus,2004,7.7,['Drama'],Christophe Barratier,Gérard Jugnot,0,"['Galatée Films', 'Pathé Renn Productions', 'France 2 Cinéma', 'Novo Arturo Films', 'Vega Film', 'Miramax']"
152,9806,The Incredibles,2004,7.7,"['Action', 'Adventure', 'Animation', 'Family']",Brad Bird,Craig T. Nelson,631442092,"['Walt Disney Pictures', 'Pixar']"
153,1913,The Sea Inside,2004,7.6,['Drama'],Alejandro Amenábar,Javier Bardem,38535221,"['Canal+', 'Sogecine', 'Himenóptero', 'Eurimages', 'Union Générale Cinématographique (UGC)', 'TVG', 'Ministerio de Cultura', 'Sogepaq', 'Eyescreen S.r.l.', 'Filmanova', 'TVE', 'Fine Line Features']"
154,24653,The Consequences of Love,2004,7.6,"['Drama', 'Thriller']",Paolo Sorrentino,Toni Servillo,0,"['Medusa Film', 'Fandango', 'Indigo Film']"
155,1954,The Butterfly Effect,2004,7.6,"['Science Fiction', 'Thriller']",Eric Bress,Ashton Kutcher,96060858,"['FilmEngine', 'Katalyst Films', 'BenderSpink', 'New Line Cinema']"
156,747,Shaun of the Dead,2004,7.5,"['Horror', 'Comedy']",Edgar Wright,Simon Pegg,30100000,"['WT2 Productions', 'StudioCanal', 'Working Title Films', 'Big Talk Productions', 'Film4 Productions', 'Rogue Pictures', 'Universal Pictures']"
157,4553,The Machinist,2004,7.5,"['Thriller', 'Drama']",Brad Anderson,Christian Bale,8203235,"['ICF', 'Castelao Productions', 'Canal+ España', 'Filmax', 'Paramount Vantage', 'MEDIA Programme of the European Union']"
158,15165,Barbie as The Princess & the Pauper,2004,7.5,"['Animation', 'Family', 'Comedy']",William Lau,Kelly Sheridan,0,['Mainframe Entertainment']
159,615,The Passion of the Christ,2004,7.5,['Drama'],Mel Gibson,Jim Caviezel,611900000,['Icon Productions']
160,4348,Pride & Prejudice,2005,8.1,"['Drama', 'Romance']",Joe Wright,Keira Knightley,121616555,"['Focus Features', 'Universal Pictures', 'StudioCanal', 'Working Title Films', 'Scion Films']"
161,674,Harry Potter and the Goblet of Fire,2005,7.8,"['Adventure', 'Fantasy']",Mike Newell,Daniel Radcliffe,895921036,"['Warner Bros. Pictures', 'Heyday Films', 'Patalex IV Productions Limited']"
162,142,Brokeback Mountain,2005,7.8,"['Drama', 'Romance']",Ang Lee,Heath Ledger,178043761,"['Focus Features', 'River Road Entertainment', 'Alberta Film Entertainment']"
163,272,Batman Begins,2005,7.7,"['Action', 'Crime', 'Drama']",Christopher Nolan,Christian Bale,374218673,"['Warner Bros. Pictures', 'DC Comics', 'Syncopy', 'Legendary Pictures', 'Patalex III Productions Limited']"
164,1904,Memoirs of a Geisha,2005,7.7,"['Drama', 'Romance', 'History']",Rob Marshall,Zhang Ziyi,162242962,"['Columbia Pictures', 'DreamWorks Pictures', 'Spyglass Entertainment', 'Amblin Entertainment', 'Red Wagon Entertainment']"
165,9912,The World's Fastest Indian,2005,7.6,"['Drama', 'Adventure', 'History']",Roger Donaldson,Anthony Hopkins,0,"['New Zealand Film Commission', '2929 Productions', 'OLC / Rights Entertainment', 'Tanlay', 'New Zealand Film Production Fund', '3 Dogs & a Pony', 'Park Road Post', 'WFI Productions Ltd.']"
166,7214,Coach Carter,2005,7.6,"['Drama', 'History']",Thomas Carter,Samuel L. Jackson,76700000,"['Paramount', 'MTV Films', 'Tollin/Robbins Productions']"
167,11171,Mysterious Skin,2005,7.6,['Drama'],Gregg Araki,Brady Corbet,1524966,"['Desperate Pictures', 'Fortissimo Films', 'Antidote Films']"
168,4550,Lady Vengeance,2005,7.6,"['Drama', 'Thriller']",Park Chan-wook,Lee Young-ae,23803308,"['TSJ Entertainment', 'Ilshin Capital Investments', 'Centurion Investment', 'Moho Film', 'CJ Entertainment']"
169,3933,Corpse Bride,2005,7.5,"['Romance', 'Fantasy', 'Animation']",Tim Burton,Johnny Depp,118100000,"['Tim Burton Productions', 'Laika Entertainment', 'Patalex Productions', 'Warner Bros. Pictures', 'Will Vinton Studios']"
170,921,Cinderella Man,2005,7.5,"['Romance', 'Drama', 'History']",Ron Howard,Russell Crowe,108539911,"['Universal Pictures', 'Miramax', 'Imagine Entertainment', 'Brian Grazer Productions', 'Parkway Productions']"
171,501,Grizzly Man,2005,7.5,['Documentary'],Werner Herzog,Timothy Treadwell,0,['Discovery Docs']
172,69,Walk the Line,2005,7.5,"['Drama', 'Music', 'Romance']",James Mangold,Joaquin Phoenix,186800000,"['Mars Media Beteiligungs', 'Tree Line Films', 'Konrad Pictures', 'Catfish Productions', 'Fox 2000 Pictures']"
173,11344,A Bittersweet Life,2005,7.5,"['Action', 'Drama', 'Crime']",Kim Jee-woon,Lee Byung-hun,0,"['Bom Film Productions', 'CJ Entertainment']"
174,1023,Adam's Apples,2005,7.5,"['Drama', 'Comedy', 'Crime']",Anders Thomas Jensen,Mads Mikkelsen,0,['M&M Productions']
175,187,Sin City,2005,7.4,"['Thriller', 'Action', 'Crime']",Robert Rodriguez,Bruce Willis,158733820,"['Dimension Films', 'Troublemaker Studios', 'Miramax']"
176,11661,Joyeux Noel,2005,7.4,"['Drama', 'War', 'Romance', 'History']",Christian Carion,Diane Kruger,17709155,"['Senator Film', 'Media Pro Pictures', 'The Bureau', 'Artémis Productions', 'Les Productions de la Guéville', 'TF1 Films Production', 'Nord-Ouest Films', 'Canal+', 'Ciné Cinéma']"
177,1895,Star Wars: Episode III - Revenge of the Sith,2005,7.4,"['Adventure', 'Action', 'Science Fiction']",George Lucas,Hayden Christensen,850000000,['Lucasfilm Ltd.']
178,16320,Serenity,2005,7.4,"['Science Fiction', 'Action', 'Adventure', 'Thriller']",Joss Whedon,Nathan Fillion,38869464,"['Universal Pictures', 'Barry Mendel Productions']"
179,116,Match Point,2005,7.4,"['Drama', 'Thriller', 'Crime', 'Romance']",Woody Allen,Jonathan Rhys Meyers,85306374,"['BBC Film', 'Thema Production', 'Jada']"
180,1124,The Prestige,2006,8.2,"['Drama', 'Mystery', 'Science Fiction']",Christopher Nolan,Christian Bale,109676311,"['Warner Bros. Pictures', 'Touchstone Pictures', 'Newmarket Films', 'Syncopy']"
181,1422,The Departed,2006,8.2,"['Drama', 'Thriller', 'Crime']",Martin Scorsese,Jack Nicholson,291465000,"['Vertigo Entertainment', 'Media Asia Films', 'Initial Entertainment Group', 'Warner Bros. Pictures', 'Plan B Entertainment']"
182,582,The Lives of Others,2006,8.0,"['Drama', 'Thriller']",Florian Henckel von Donnersmarck,Martina Gedeck,70000000,"['Creado Film', 'Wiedemann & Berg Film', 'ARD', 'Sony Pictures Classics', 'ARTE', 'Buena Vista International (Germany) GmbH', 'Beta Cinema']"
183,1402,The Pursuit of Happyness,2006,7.9,['Drama'],Gabriele Muccino,Will Smith,307077295,"['Escape Artists', 'Relativity Media', 'Columbia Pictures', 'Overbrook Entertainment']"
184,752,V for Vendetta,2006,7.9,"['Action', 'Thriller', 'Science Fiction']",James McTeigue,Natalie Portman,132511035,"['Virtual Studios', 'Anarchos Productions', 'Silver Pictures', 'Fünfte Babelsberg Film', 'Warner Bros. Productions', 'DC Vertigo']"
185,4977,Paprika,2006,7.8,"['Animation', 'Mystery', 'Science Fiction', 'Thriller']",Satoshi Kon,Megumi Hayashibara,946590,"['Madhouse', 'Sony Pictures']"
186,14069,The Girl Who Leapt Through Time,2006,7.8,"['Fantasy', 'Animation', 'Drama', 'Science Fiction']",Mamoru Hosoda,Riisa Naka,3800000,"['Madhouse', 'Happinet Pictures', 'KADOKAWA', 'KADOKAWA Shoten', 'Q-TEC', 'Memory-Tech']"
187,1417,Pan's Labyrinth,2006,7.8,"['Fantasy', 'Drama', 'War']",Guillermo del Toro,Ivana Baquero,83258226,"['Estudios Picasso', 'Esperanto Filmoj', 'Tequila Gang', 'Telecinco Cinema']"
188,19026,Azur & Asmar: The Princes' Quest,2006,7.7,"['Animation', 'Family']",Michel Ocelot,Cyril Mourali,0,"['Nord-Ouest Films', 'Studio O', 'Mac Guff Ligne', 'France 3 Cinéma', 'Artémis Productions', 'Intuition Films', 'Lucky Red', 'Zahorí Media', 'Auvergne-Rhône-Alpes Cinéma']"
189,773,Little Miss Sunshine,2006,7.7,"['Comedy', 'Drama']",Jonathan Dayton,Greg Kinnear,100523181,"['Fox Searchlight Pictures', 'Bona Fide Productions', 'Big Beach']"
190,13002,Barbie in The 12 Dancing Princesses,2006,7.7,"['Animation', 'Family']",Greg Richardson,Kelly Sheridan,0,"['Mainframe Entertainment', 'Mattel Entertainment']"
191,9693,Children of Men,2006,7.6,"['Drama', 'Action', 'Thriller', 'Science Fiction']",Alfonso Cuarón,Clive Owen,70595464,"['Universal Pictures', 'Strike Entertainment', 'Hit & Run Productions']"
192,14784,The Fall,2006,7.6,"['Adventure', 'Fantasy', 'Drama']",Tarsem Singh,Lee Pace,3669465,"['Absolute Entertainment', 'Googly Films', 'Deep Films', 'Tree Top Films Inc.', 'RadicalMedia', 'Summit Entertainment']"
193,1544,Imagine Me & You,2006,7.6,"['Drama', 'Comedy', 'Romance']",Ol Parker,Piper Perabo,2455831,"['BBC Film', 'Filmstiftung Nordrhein-Westfalen', 'Ealing Studios', 'Fragile Films', 'Focus Features', 'Cougar Films Ltd.', 'Minotaur Film Partnership No. 3', 'RTL', 'X Filme Creative Pool']"
194,1579,Apocalypto,2006,7.6,"['Action', 'Drama', 'History']",Mel Gibson,Rudy Youngblood,120673227,"['Icon Entertainment International', 'Icon Productions', 'Touchstone Pictures']"
195,36557,Casino Royale,2006,7.5,"['Adventure', 'Action', 'Thriller']",Martin Campbell,Daniel Craig,599045960,"['EON Productions', 'Stillking Films', 'Columbia Pictures', 'Studio Babelsberg', 'Danjaq', 'Metro-Goldwyn-Mayer', 'Casino Royale US', 'Casino Royale Productions', 'United Artists']"
196,1372,Blood Diamond,2006,7.5,"['Drama', 'Thriller', 'Action']",Edward Zwick,Leonardo DiCaprio,171720398,"['Virtual Studios', 'Spring Creek Pictures', 'Bedford Falls Productions', 'Initial Entertainment Group', 'Lonely Film Productions GmbH & Co. KG.', 'Warner Bros. Pictures', 'Liberty Pictures']"
197,7549,Fearless,2006,7.5,"['Drama', 'Action']",Ronny Yu,Jet Li,68072848,"['China Film Group Corporation', 'Beijing Film Studio', 'China Film Co-Production Corporation', 'Hero China International', 'Wide River Investments', 'Rogue Pictures', 'Focus Features']"
198,9075,Black Book,2006,7.5,"['Drama', 'Thriller', 'War']",Paul Verhoeven,Carice van Houten,26768563,"['Studio Babelsberg', 'Motel Films', 'Motion Investment Group', 'Egoli Tossell Film', 'Nederlands Fonds voor de Film', 'uFilm', 'Fu Works', 'Hector BV', 'Media Programme of the European Community', 'Euroimages Fund of the Council of Europe', 'VIP 4 Medienfonds', 'ContentFilm International', 'Clockwork Pictures', 'CoBo Fonds', 'FFA', 'Medienboard Berlin-Brandenburg', 'Sony Pictures Classics']"
199,11798,This Is England,2006,7.5,"['Drama', 'Crime']",Shane Meadows,Thomas Turgoose,8176544,"['EM Media', 'UK Film Council', 'Screen Yorkshire', 'Big Arty Productions', 'Film4 Productions']"
200,7345,There Will Be Blood,2007,8.1,['Drama'],Paul Thomas Anderson,Daniel Day-Lewis,77208711,"['Paramount Vantage', 'Miramax', 'Ghoulardi Film Company', 'JoAnne Sellar Productions']"
201,7347,Elite Squad,2007,8.1,"['Drama', 'Action', 'Crime']",José Padilha,Wagner Moura,14759148,"['Universal Pictures do Brasil', 'The Weinstein Company', 'Zazen Produções', 'Estúdios Mega', 'Quanta Centro de Produções Cinematográficas', 'Costa Films', 'Posto 9', 'Feijão Filmes']"
202,7508,Like Stars on Earth,2007,8.0,['Drama'],Aamir Khan,Darsheel Safary,28430000,"['Aamir Khan Productions', 'PVR Inox Pictures', 'UTV Motion Pictures']"
203,6977,No Country for Old Men,2007,7.9,"['Crime', 'Drama', 'Thriller']",Joel Coen,Josh Brolin,171627166,"['Miramax', 'Paramount', 'Scott Rudin Productions', 'Mike Zoss Productions']"
204,1646,Freedom Writers,2007,7.9,"['Crime', 'Drama']",Richard LaGravenese,Hilary Swank,43095175,"['Double Feature Films', 'Jersey Films', 'Kernos Filmproduktionsgesellschaft & Company']"
205,2011,Persepolis,2007,7.9,"['Animation', 'Drama']",Vincent Paronnaud,Chiara Mastroianni,0,"[""Société des Producteurs de L'Angoa"", 'Sony Pictures Classics', 'PROCIREP', 'Soficinéma', 'France 3 Cinéma', 'Diaphana Films', 'Sofica EuropaCorp', 'Celluloid Dreams', 'The Kennedy/Marshall Company', 'La Région Île-de-France', 'Fondation GAN pour le Cinéma', '2.4.7. Films', 'French Connection Animations', 'CNC']"
206,2062,Ratatouille,2007,7.8,"['Animation', 'Comedy', 'Family', 'Fantasy']",Brad Bird,Patton Oswalt,623726000,"['Pixar', 'Walt Disney Pictures']"
207,5915,Into the Wild,2007,7.8,"['Adventure', 'Drama']",Sean Penn,Emile Hirsch,56255142,"['River Road Entertainment', 'Paramount Vantage', 'Into the Wild', 'The Linson Company', 'Square One C.I.H.']"
208,675,Harry Potter and the Order of the Phoenix,2007,7.7,"['Adventure', 'Fantasy']",David Yates,Daniel Radcliffe,938212738,"['Warner Bros. Pictures', 'Heyday Films']"
209,4347,Atonement,2007,7.7,"['Drama', 'Romance']",Joe Wright,James McAvoy,131016624,"['Universal Pictures', 'Relativity Media', 'Working Title Films', 'StudioCanal', 'Focus Features']"
210,15137,Evangelion: 1.0 You Are (Not) Alone,2007,7.6,"['Animation', 'Science Fiction', 'Action', 'Drama']",Hideaki Anno,Megumi Ogata,20000000,['khara']
211,13363,The Man from Earth,2007,7.6,"['Science Fiction', 'Drama']",Richard Schenkman,David Lee Smith,0,['Falling Sky Entertainment']
212,4982,American Gangster,2007,7.6,"['Drama', 'Crime']",Ridley Scott,Russell Crowe,266465037,"['Film Rites', 'Imagine Entertainment', 'Universal Pictures', 'Scott Free Productions', 'Relativity Media']"
213,2013,The Diving Bell and the Butterfly,2007,7.6,"['Drama', 'History']",Julian Schnabel,Mathieu Amalric,19777647,"['Pathé Renn Productions', 'France 3 Cinéma', 'The Kennedy/Marshall Company']"
214,4638,Hot Fuzz,2007,7.6,"['Crime', 'Action', 'Comedy']",Edgar Wright,Simon Pegg,80600000,"['Universal Pictures', 'Big Talk Productions', 'StudioCanal', 'Working Title Films', 'Focus Features', 'Rogue Pictures']"
215,2009,"4 Months, 3 Weeks and 2 Days",2007,7.5,['Drama'],Cristian Mungiu,Anamaria Marinca,1185783,"['Saga Film', 'Mobra Films', 'CNC']"
216,5708,Control,2007,7.5,['Drama'],Anton Corbijn,Samantha Morton,8159508,"['Becker International', 'Claraflora', 'EM Media', 'NorthSee', 'Warner Music UK', 'Three Dogs And A Pony']"
217,1949,Zodiac,2007,7.5,"['Crime', 'Drama', 'Mystery', 'Thriller']",David Fincher,Jake Gyllenhaal,84785914,"['Paramount', 'Warner Bros. Pictures', 'Phoenix Pictures']"
218,1407,La Vie en Rose,2007,7.4,"['Music', 'Drama']",Olivier Dahan,Marion Cotillard,86274793,"['TF1 International', 'Légende Films', 'Okko Production', 'Songbird Pictures', 'TF1 Films Production']"
219,2503,The Bourne Ultimatum,2007,7.4,"['Action', 'Drama', 'Mystery', 'Thriller']",Paul Greengrass,Matt Damon,442824138,"['Universal Pictures', 'The Kennedy/Marshall Company', 'Ludlum Entertainment', 'Motion Picture BETA Produktionsgesellschaft', 'Bourne Again', 'KanZaman Services', 'Peninsula Films', 'Studio Babelsberg']"
220,155,The Dark Knight,2008,8.5,"['Drama', 'Action', 'Crime', 'Thriller']",Christopher Nolan,Christian Bale,1004558444,"['DC Comics', 'Legendary Pictures', 'Syncopy', 'Isobel Griffiths', 'Warner Bros. Pictures']"
221,10681,WALL·E,2008,8.1,"['Animation', 'Family', 'Science Fiction']",Andrew Stanton,Ben Burtt,521311860,"['Pixar', 'Walt Disney Pictures']"
222,13223,Gran Torino,2008,8.0,['Drama'],Clint Eastwood,Clint Eastwood,269958228,"['Matten Productions', 'Double Nickel Entertainment', 'Gerber Pictures', 'Malpaso Productions', 'Village Roadshow Pictures', 'WV Films IV', 'Warner Bros. Pictures']"
223,14574,The Boy in the Striped Pyjamas,2008,7.9,"['Drama', 'War', 'History']",Mark Herman,Asa Butterfield,20416563,"['BBC Film', 'Miramax', 'Heyday Films']"
224,16804,Departures,2008,7.9,['Drama'],Yojiro Takita,Masahiro Motoki,69932387,"['TBS', 'Amuse Soft Entertainment', 'MBS', 'Sedic', 'Shogakukan', 'TBS Radio', 'Shochiku', 'dentsu', 'The Asahi Shimbun']"
225,13042,Presto,2008,7.8,"['Animation', 'Family', 'Comedy']",Doug Sweetland,Doug Sweetland,0,"['Pixar', 'Walt Disney Pictures']"
226,13855,The Chaser,2008,7.8,"['Crime', 'Thriller', 'Action']",Na Hong-jin,Kim Yoon-seok,0,"['Bidangil Pictures', 'Hanhwa Venture Capital', 'Michigan Venture Capital', 'Vantage Holdings', 'Finecut', 'Showbox']"
227,14756,Ip Man,2008,7.8,"['Drama', 'Action', 'History']",Wilson Yip,Donnie Yen,22108789,"['Mandarin Films', 'Golden Harvest Company', 'Beijing ShengShi HuaRei Film Investment & Management Co.', 'China Film Co-Production Corporation', 'New Film Studio of Beijing Starlight International Media Co. Ltd.', 'Prosperity Pictures', 'Shanghai Film Group', 'Time Antaeus Media Group']"
228,12429,Ponyo,2008,7.7,"['Animation', 'Fantasy', 'Family']",Hayao Miyazaki,Yuria Kozuki,202404009,"['Studio Ghibli', 'TOHO', 'Nippon Television Network Corporation', 'dentsu', 'Hakuhodo DY Media Partners', 'The Walt Disney Company (Japan)', 'Mitsubishi']"
229,12405,Slumdog Millionaire,2008,7.7,"['Drama', 'Romance']",Danny Boyle,Dev Patel,378410542,"['Celador Films', 'Film4 Productions']"
230,8885,Waltz with Bashir,2008,7.7,"['Drama', 'Animation', 'War', 'Documentary']",Ari Folman,Ari Folman,11179372,"['Bridgit Folman Film Gang', ""Les Films d'Ici"", 'Razor Film Produktion', 'ITVS International', 'TSR', 'ARTE', 'YLE', 'RTBF', 'SBS']"
231,8832,Il Divo,2008,7.6,['Drama'],Paolo Sorrentino,Toni Servillo,11260366,"['Indigo Film', 'Lucky Red', 'Parco Film', 'Babe Film', 'StudioCanal', 'ARTE France Cinéma', 'Sky Cinema', 'MiC', ""Fonds Eurimages du Conseil de l'Europe"", 'Film Commission Torino Piemonte', 'Regione Campania', 'Campania Film Commission', 'CNC']"
232,1726,Iron Man,2008,7.6,"['Action', 'Science Fiction', 'Adventure']",Jon Favreau,Robert Downey Jr.,585174222,['Marvel Studios']
233,14438,Fireproof,2008,7.6,['Drama'],Alex Kendrick,Kirk Cameron,33500000,"['Samuel Goldwyn Films', 'Affirm Films', 'Carmel Entertainment', 'FortyFour Studios', 'Provident Films', 'Sherwood Pictures']"
234,11321,Seven Pounds,2008,7.6,['Drama'],Gabriele Muccino,Will Smith,168167691,"['Escape Artists', 'Columbia Pictures', 'Relativity Media', 'Overbrook Entertainment']"
235,3580,Changeling,2008,7.6,"['Crime', 'Drama', 'Mystery']",Clint Eastwood,Angelina Jolie,113398237,"['Imagine Entertainment', 'Malpaso Productions', 'Relativity Media', 'Universal Pictures']"
236,4960,"Synecdoche, New York",2008,7.6,['Drama'],Charlie Kaufman,Philip Seymour Hoffman,4383538,"['Likely Story', 'Projective Testing Service', 'Sidney Kimmel Entertainment', 'Russia, Inc.']"
237,4922,The Curious Case of Benjamin Button,2008,7.6,"['Drama', 'Fantasy', 'Romance']",David Fincher,Brad Pitt,335802786,"['Paramount', 'Warner Bros. Pictures', 'The Kennedy/Marshall Company']"
238,13413,BURN·E,2008,7.5,"['Animation', 'Family', 'Comedy', 'Science Fiction']",Angus MacLane,Angus MacLane,0,['Pixar']
239,12163,The Wrestler,2008,7.5,"['Drama', 'Romance']",Darren Aronofsky,Mickey Rourke,44734660,"['Wild Bunch', 'Top Rope', 'Saturn Films', 'Protozoa Pictures']"
240,16869,Inglourious Basterds,2009,8.2,"['Drama', 'Thriller', 'War']",Quentin Tarantino,Brad Pitt,321457747,"['The Weinstein Company', 'Universal Pictures', 'A Band Apart', 'Zehnte Babelsberg Film', 'Visiona Romantica', 'Peninsula Films']"
241,21634,Prayers for Bobby,2009,8.1,"['Drama', 'History', 'TV Movie']",Russell Mulcahy,Ryan Kelley,0,"['Once Upon a Time Films', 'Sladek Taaffe Productions', 'Permut Presentations']"
242,28178,Hachi: A Dog's Tale,2009,8.0,"['Drama', 'Family']",Lasse Hallström,Richard Gere,46749646,"['Scion Films', 'Stage 6 Films', 'Inferno Distribution', 'Hachiko', 'Grand Army Entertainment', 'Opperman Viner Chrystyn Entertainment']"
243,18438,Castaway on the Moon,2009,8.0,"['Drama', 'Comedy', 'Romance']",Lee Hae-jun,Jung Jae-young,0,"['Cinema Service', 'Banzakbanzak Film Production', 'CJ Entertainment']"
244,20453,3 Idiots,2009,8.0,"['Drama', 'Comedy']",Rajkumar Hirani,Aamir Khan,70000000,"['Vidhu Vinod Chopra Productions', 'Vinod Chopra Films']"
245,25376,The Secret in Their Eyes,2009,8.0,"['Mystery', 'Thriller', 'Drama']",Juan José Campanella,Ricardo Darín,33965843,"['Canal+ España', '100 Bares', 'Tornasol Films', 'Ministerio de Cultura', 'INCAA', 'Haddock Films', 'TVE', 'Telefe']"
246,14160,Up,2009,8.0,"['Animation', 'Comedy', 'Family', 'Adventure']",Pete Docter,Ed Asner,735099082,['Pixar']
247,23128,The Cove,2009,7.9,['Documentary'],Louie Psihoyos,Joe Chisholm,1162422,"['Quickfire Films', 'Diamond Docs', 'SkyFish Films', 'Oceanic Preservation Society', 'Participant']"
248,24238,Mary and Max,2009,7.9,"['Animation', 'Comedy', 'Drama']",Adam Elliot,Toni Collette,1740429,"['icon', 'Melodrama Pictures']"
249,14836,Coraline,2009,7.9,"['Animation', 'Family', 'Fantasy']",Henry Selick,Dakota Fanning,124600000,"['Laika Entertainment', 'Pandemonium']"
250,31011,Mr. Nobody,2009,7.8,"['Science Fiction', 'Drama', 'Romance', 'Fantasy']",Jaco Van Dormael,Jared Leto,2331721,"['Pan Européenne Production', 'Virtual Films', 'Wild Bunch']"
251,22843,Evangelion: 2.0 You Can (Not) Advance,2009,7.8,"['Animation', 'Science Fiction', 'Action', 'Drama']",Hideaki Anno,Megumi Ogata,41162041,['khara']
252,22683,Gifted Hands: The Ben Carson Story,2009,7.8,['Drama'],Thomas Carter,Cuba Gooding Jr.,0,"['Johnson & Johnson Spotlight Presentations', 'Magna Global Entertainment', 'Sony Pictures Television Studios', 'The Hatchery', 'Thomas Carter Company']"
253,24480,Partly Cloudy,2009,7.8,"['Animation', 'Family', 'Comedy']",Peter Sohn,Tony Fucile,0,['Pixar']
254,10315,Fantastic Mr. Fox,2009,7.8,"['Adventure', 'Animation', 'Comedy', 'Family']",Wes Anderson,George Clooney,46471023,"['Regency Enterprises', 'Indian Paintbrush', 'American Empirical Pictures']"
255,30018,Mother,2009,7.7,"['Crime', 'Drama', 'Mystery']",Bong Joon-ho,Kim Hye-ja,17112713,"['Barunson E&A', 'CJ Entertainment', 'Michigan Venture Capital']"
256,767,Harry Potter and the Half-Blood Prince,2009,7.7,"['Adventure', 'Fantasy']",David Yates,Daniel Radcliffe,933959197,"['Warner Bros. Pictures', 'Heyday Films']"
257,22881,The Blind Side,2009,7.7,['Drama'],John Lee Hancock,Sandra Bullock,309208309,"['Warner Bros. Pictures', 'Alcon Entertainment']"
258,21191,Sin Nombre,2009,7.6,"['Drama', 'Action', 'Thriller', 'Crime']",Cary Joji Fukunaga,Paulina Gaitán,5102705,"['Focus Features', 'Primary Productions', 'Canana']"
259,21575,A Prophet,2009,7.6,"['Crime', 'Drama']",Jacques Audiard,Tahar Rahim,17873691,"['Why Not Productions', 'Chic Films', 'Page 114', 'France 2 Cinéma', 'Union Générale Cinématographique (UGC)', 'BIM Distribuzione', 'Celluloid Dreams', 'France 2', 'CinéCinéma', 'La Région Île-de-France', ""Conseil Régional de Provence-Alpes Côte d'Azur"", 'CNC', 'Sofica UGC 1', 'Sofica Soficinéma 4', 'Soficinéma 5', 'Canal+']"
260,27205,Inception,2010,8.4,"['Action', 'Science Fiction', 'Adventure']",Christopher Nolan,Leonardo DiCaprio,825532764,"['Legendary Pictures', 'Syncopy', 'Warner Bros. Pictures']"
261,11324,Shutter Island,2010,8.2,"['Drama', 'Thriller', 'Mystery']",Martin Scorsese,Leonardo DiCaprio,294800000,"['Paramount', 'Phoenix Pictures', 'Sikelia Productions', 'Appian Way']"
262,58496,Senna,2010,8.1,"['Documentary', 'History']",Asif Kapadia,Ayrton Senna,8212430,"['Universal Pictures', 'StudioCanal', 'Working Title Films', 'Midfield Films']"
263,46738,Incendies,2010,8.1,"['Drama', 'War', 'Mystery']",Denis Villeneuve,Lubna Azabal,6788659,"['TS Productions', 'Phi Group', 'micro_scope', 'Entertainment One', 'Téléfilm Canada', 'Super Écran', 'CNC', 'The Movie Network', 'Société Radio-Canada', 'Astral Media', 'Seville International', 'Sony Pictures Classics']"
264,26022,My Name Is Khan,2010,8.1,"['Drama', 'Romance']",Karan Johar,Shah Rukh Khan,42345360,"['Dharma Productions', 'Fox Searchlight Pictures', 'Red Chillies Entertainment', 'Star Studios', 'Imagenation Abu Dhabi FZ', 'Fox International Productions', 'Mandate International', 'Star China Media']"
265,43949,Flipped,2010,8.0,"['Romance', 'Drama']",Rob Reiner,Madeline Carroll,1755212,['Reiner / Greisman Productions']
266,52629,El Infierno,2010,7.8,"['Drama', 'Crime', 'Comedy']",Luis Estrada,Damián Alcázar,0,"['Instituto Mexicano de Cinematografía', 'Bandidos Films', 'Estudios Churubusco Azteca']"
267,47931,Elite Squad: The Enemy Within,2010,7.8,"['Drama', 'Action', 'Crime']",José Padilha,Wagner Moura,63027681,"['Feijão Filmes', 'Zazen Produções', 'Globo Filmes', 'RioFilme']"
268,10191,How to Train Your Dragon,2010,7.8,"['Fantasy', 'Adventure', 'Animation', 'Family']",Chris Sanders,Jay Baruchel,494879471,['DreamWorks Animation']
269,49797,I Saw the Devil,2010,7.8,"['Thriller', 'Horror']",Kim Jee-woon,Lee Byung-hun,12900000,"['Softbank Ventures', 'Peppermint&company', 'Siz Entertainment', 'Finecut', 'Michigan Venture Capital', 'CJ Entertainment', 'Showbox']"
270,10193,Toy Story 3,2010,7.8,"['Animation', 'Family', 'Comedy']",Lee Unkrich,Tom Hanks,1066969703,"['Pixar', 'Walt Disney Pictures']"
271,12444,Harry Potter and the Deathly Hallows: Part 1,2010,7.8,"['Adventure', 'Fantasy']",David Yates,Daniel Radcliffe,954305868,"['Warner Bros. Pictures', 'Heyday Films']"
272,40662,Batman: Under the Red Hood,2010,7.8,"['Science Fiction', 'Crime', 'Action', 'Animation', 'Mystery']",Brandon Vietti,Bruce Greenwood,6629178,"['Warner Bros. Animation', 'DC Comics']"
273,61979,Three Steps Above Heaven,2010,7.7,"['Romance', 'Drama']",Fernando González Molina,María Valverde,0,['Atresmedia']
274,45269,The King's Speech,2010,7.7,"['Drama', 'History']",Tom Hooper,Colin Firth,414211549,"['The Weinstein Company', 'UK Film Council', 'Momentum Pictures', 'Aegis Film Fund', 'Molinare Investment', 'FilmNation Entertainment', 'See-Saw Films', 'Bedlam Productions']"
275,44639,Inside Job,2010,7.7,['Documentary'],Charles Ferguson,Matt Damon,7871522,['Sony Pictures']
276,40619,Day & Night,2010,7.7,"['Animation', 'Family']",Teddy Newton,Wayne Dyer,0,"['Walt Disney Pictures', 'Pixar']"
277,51608,The Man from Nowhere,2010,7.7,"['Action', 'Thriller', 'Crime']",Lee Jeong-beom,Won Bin,43059790,"['Opus Pictures', 'CJ Entertainment', 'United Pictures', 'M-Line Distribution']"
278,44214,Black Swan,2010,7.7,"['Drama', 'Thriller', 'Horror']",Darren Aronofsky,Natalie Portman,329400000,"['Fox Searchlight Pictures', 'Cross Creek Pictures', 'Protozoa Pictures', 'Phoenix Pictures']"
279,51739,The Secret World of Arrietty,2010,7.6,"['Fantasy', 'Animation', 'Family']",Hiromasa Yonebayashi,Mirai Shida,149480483,"['Studio Ghibli', 'Hakuhodo DY Media Partners', 'Mitsubishi Shoji', 'dentsu', 'TOHO', 'Nippon Television Network Corporation', 'Wild Bunch', 'The Walt Disney Company (Japan)', 'Walt Disney Pictures']"
280,92321,Hotarubi no Mori e,2011,8.4,"['Romance', 'Animation', 'Fantasy']",Takahiro Omori,Izumi Sawada,0,"[""Brain's Base""]"
281,77338,The Intouchables,2011,8.3,"['Drama', 'Comedy']",Éric Toledano,François Cluzet,426600000,"['Gaumont', 'CinéCinéma', 'Quad Productions', 'Chaocorp', 'Ten Films', 'TF1', 'Canal+', 'TF1 Films Production']"
282,50014,The Help,2011,8.2,['Drama'],Tate Taylor,Emma Stone,216600000,"['DreamWorks Pictures', 'Reliance Entertainment', 'Participant', 'Imagenation Abu Dhabi FZ', '1492 Pictures', 'Harbinger Pictures']"
283,81481,Silenced,2011,8.2,['Drama'],Hwang Dong-hyuk,Gong Yoo,31500000,"['Sangeori Pictures', 'Fantagio', 'CJ Entertainment']"
284,12445,Harry Potter and the Deathly Hallows: Part 2,2011,8.1,"['Fantasy', 'Adventure']",David Yates,Daniel Radcliffe,1341511219,"['Warner Bros. Pictures', 'Heyday Films']"
285,89708,Samsara,2011,8.1,['Documentary'],Ron Fricke,Ni Made Megahadi Pratiwi,0,"['Magidson Films', 'Oscilloscope']"
286,414419,Kill Bill: The Whole Bloody Affair,2011,8.0,"['Action', 'Crime', 'Thriller']",Quentin Tarantino,Uma Thurman,0,"['Super Cool ManChu', 'Miramax', 'A Band Apart']"
287,60243,A Separation,2011,7.9,['Drama'],Asghar Farhadi,Leila Hatami,24426169,"['Asghar Farhadi Productions', 'Dreamlab Films', 'MPA APSA Academy Film Fund', 'Memento Films Production']"
288,59440,Warrior,2011,7.8,"['Drama', 'Action']",Gavin O'Connor,Joel Edgerton,23300000,"['Lionsgate', 'Mimran Schur Pictures', 'Solaris Film', 'Filmtribe']"
289,71157,Polisse,2011,7.8,"['Drama', 'Thriller']",Maïwenn,Frédéric Pierrot,20374201,"['Les Productions du Trésor', 'Chaocorp', 'Shortcom', 'ARTE France Cinéma', 'Mars Films']"
290,80767,Jiro Dreams of Sushi,2011,7.8,['Documentary'],David Gelb,Jiro Ono,2550508,"['Preferred Content', 'Sundial Pictures', 'Magnolia Pictures']"
291,74308,Detachment,2011,7.6,['Drama'],Tony Kaye,Adrien Brody,1681521,"['Paper Street Films', 'Kingsgate Films', 'Appian Way']"
292,64690,Drive,2011,7.6,"['Drama', 'Thriller', 'Crime']",Nicolas Winding Refn,Ryan Gosling,78054825,"['FilmDistrict', 'Bold Films', 'Marc Platt Productions', 'OddLot Entertainment', 'Motel Movies', 'Newbridge Film Capital']"
293,71859,We Need to Talk About Kevin,2011,7.6,"['Drama', 'Thriller']",Lynne Ramsay,Tilda Swinton,10800000,"['BBC Film', 'Independent', 'UK Film Council', 'Footprint Investment Fund', 'Piccadilly Pictures', 'Lipsync Productions', 'Artina Films', 'Rockinghorse Films', 'Caemhan', 'Panaramic', 'Beryl Betty', 'Atlantic Swiss Productions', 'Kanzaman Productions']"
294,83389,From Up on Poppy Hill,2011,7.5,"['Animation', 'Drama']",Goro Miyazaki,Masami Nagasawa,61037844,"['Studio Ghibli', 'Hakuhodo DY Media Partners', 'Mitsubishi', 'KDDI']"
295,59436,Midnight in Paris,2011,7.5,"['Fantasy', 'Comedy', 'Romance']",Woody Allen,Owen Wilson,151119219,"['Pontchartrain Productions', 'Gravier Productions', 'Mediapro', 'Versátil Cinema', 'TV3', 'Firstep', 'Imagina International Sales']"
296,63311,The Skin I Live In,2011,7.5,"['Drama', 'Horror', 'Mystery', 'Thriller']",Pedro Almodóvar,Antonio Banderas,33750478,['El Deseo']
297,76758,The Flowers of War,2011,7.5,"['Drama', 'History', 'War']",Zhang Yimou,Christian Bale,95311434,"['New Picture Company', 'Beijing New Picture Film Co. Ltd.', 'EDKO Film']"
298,74643,The Artist,2011,7.5,"['Drama', 'Comedy', 'Romance']",Michel Hazanavicius,Jean Dujardin,133432856,"['uFilm', 'La Petite Reine', 'Studio 37', 'La Classe américaine', 'JD Prod', 'France 3 Cinéma', 'Jouror Productions']"
299,73456,Barbie: Princess Charm School,2011,7.5,"['Family', 'Animation', 'Fantasy']",Ezekiel Norton,Diana Kaarina,0,"['Mattel Entertainment', 'Rainmaker Entertainment']"
300,110420,Wolf Children,2012,8.2,"['Animation', 'Family', 'Drama', 'Fantasy', 'Adventure']",Mamoru Hosoda,Haru Kuroki,55060661,"['Studio Chizu', 'Madhouse', 'Nippon Television Network Corporation', 'KADOKAWA Shoten', 'VAP', 'D.N. Dream Partners', 'Yomiuri Telecasting Corporation', 'TOHO']"
301,68718,Django Unchained,2012,8.2,"['Drama', 'Western']",Quentin Tarantino,Jamie Foxx,425368238,"['The Weinstein Company', 'Columbia Pictures']"
302,103663,The Hunt,2012,8.1,['Drama'],Thomas Vinterberg,Mads Mikkelsen,18300000,"['Zentropa Entertainments', 'Det Danske Filminstitut', 'DR', 'Eurimages', 'MEDIA Programme of the European Union', 'Svenska Filminstitutet', 'SVT', 'Film i Väst', 'Nordisk Film & TV Fond']"
303,140420,Paperman,2012,8.0,"['Animation', 'Family', 'Romance']",John Kahrs,John Kahrs,0,"['Walt Disney Pictures', 'Walt Disney Animation Studios']"
304,84334,Searching for Sugar Man,2012,7.9,"['Music', 'Documentary']",Malik Bendjelloul,Stephen Segerman,3696196,"['Passion Pictures', 'Red Box Films', 'Canfield Pictures']"
305,83564,La luna,2012,7.8,"['Animation', 'Family']",Enrico Casarosa,Tony Fucile,0,['Pixar']
306,126319,Ernest & Celestine,2012,7.8,"['Animation', 'Comedy', 'Drama', 'Family', 'Adventure']",Stéphane Aubier,Anne-Marie Loop,8109160,"['Les Armateurs', 'Maybe Movies', 'StudioCanal', 'France 3 Cinéma', 'La Parti Production', 'Melusine Productions', 'RTBF', 'Canal+', 'Ciné+', 'France Télévisions', 'Eurimages', 'MEDIA Programme of the European Union', 'CNC', ""Centre National du Cinéma et de L'image Animée"", 'La Région Île-de-France', 'Pôle Image Magelis', 'Département de la Charente', 'Région Poitou-Charentes', 'PROCIREP', 'Angoa-Agicoa', ""Centre du Cinéma et de l'Audiovisuel de la FWB"", 'VOO', 'Région Wallonne', 'Tax Shelter du Gouvernement Fédéral Belge', 'Casa Kafka Pictures', 'Dexia', 'Film Fund Luxembourg']"
307,84892,The Perks of Being a Wallflower,2012,7.8,['Drama'],Stephen Chbosky,Logan Lerman,33400000,['Mr. Mudd Production']
308,49026,The Dark Knight Rises,2012,7.8,"['Action', 'Crime', 'Drama', 'Thriller']",Christopher Nolan,Christian Bale,1081041287,"['Syncopy', 'Legendary Pictures', 'DC Entertainment', 'Warner Bros. Pictures']"
309,86837,Amour,2012,7.8,"['Drama', 'Romance']",Michael Haneke,Jean-Louis Trintignant,29844753,"['wega film vienna', 'Les Films du Losange', 'X Filme Creative Pool']"
310,123025,"Batman: The Dark Knight Returns, Part 1",2012,7.7,"['Science Fiction', 'Action', 'Animation', 'Mystery']",Jay Oliva,Peter Weller,0,"['DC Comics', 'Warner Premiere', 'DC Entertainment', 'Warner Bros. Animation']"
311,24428,The Avengers,2012,7.7,"['Science Fiction', 'Action', 'Adventure']",Joss Whedon,Robert Downey Jr.,1518815515,['Marvel Studios']
312,137182,The Broken Circle Breakdown,2012,7.7,['Drama'],Felix van Groeningen,Veerle Baetens,5500000,"['Topkapi Films', 'Belgacom', 'Menuet']"
313,123678,The Act of Killing,2012,7.7,['Documentary'],Joshua Oppenheimer,Anwar Congo,722714,"['Final Cut for Real', 'Piraya Film', 'Novaya Zemlya', 'Spring Films']"
314,83666,Moonrise Kingdom,2012,7.7,"['Comedy', 'Drama', 'Romance']",Wes Anderson,Jared Gilman,68263166,"['Indian Paintbrush', 'American Empirical Pictures']"
315,110160,Laurence Anyways,2012,7.7,"['Drama', 'Romance']",Xavier Dolan,Melvil Poupaud,0,"['MK2 Films', 'Lyla Films']"
316,118406,Road to Ninja: Naruto the Movie,2012,7.6,"['Animation', 'Fantasy', 'Action']",Hayato Date,Junko Takeuchi,17900000,"['dentsu', 'Aniplex', 'Shueisha', 'TV Tokyo', 'Pierrot', 'TOHO', 'Bandai Visual']"
317,127533,Rurouni Kenshin Part I: Origins,2012,7.6,"['Adventure', 'Action', 'Fantasy', 'War', 'History']",Keishi Otomo,Takeru Satoh,61700000,"['Studio Swan', 'ROCKWORKS', 'C&I entertainment', 'IMJ Entertainment', 'Amuse Soft Entertainment', 'Warner Bros. Japan', 'Warner Bros. Pictures']"
318,111083,The Body,2012,7.6,"['Thriller', 'Mystery']",Oriol Paulo,Jose Coronado,0,"['Rodar y Rodar', 'Canal+ España', 'TV3', 'Atresmedia', 'DeAPlaneta']"
319,76589,Justice League: Doom,2012,7.4,"['Action', 'Animation', 'Science Fiction']",Lauren Montgomery,Kevin Conroy,0,"['DC Entertainment', 'Warner Bros. Animation', 'Warner Premiere', 'Telecom Animation Film']"
320,255709,Hope,2013,8.4,['Drama'],Lee Joon-ik,Sol Kyung-gu,0,"['Lotte Entertainment', 'Film Momentum', 'Michigan Venture Capital']"
321,164558,One Direction: This Is Us,2013,8.3,"['Documentary', 'Music']",Morgan Spurlock,Harry Styles,68500000,"['Sony Pictures', 'TriStar Pictures']"
322,313106,Doctor Who: The Day of the Doctor,2013,8.2,"['Science Fiction', 'Adventure']",Nick Hurran,Matt Smith,10000000,"['BBC Wales', 'BBC']"
323,149871,The Tale of The Princess Kaguya,2013,8.1,"['Animation', 'Drama', 'Fantasy']",Isao Takahata,Aki Asakura,24366656,"['Studio Ghibli', 'Hakuhodo DY Media Partners', 'KDDI', 'Mitsubishi Shoji', 'Nippon Television Network Corporation', 'TOHO', 'T2 Studio']"
324,146233,Prisoners,2013,8.1,"['Drama', 'Thriller', 'Crime']",Denis Villeneuve,Hugh Jackman,122126687,"['Alcon Entertainment', '8:38 Productions', 'Madhouse Entertainment']"
325,106646,The Wolf of Wall Street,2013,8.0,"['Crime', 'Drama', 'Comedy']",Martin Scorsese,Leonardo DiCaprio,392000000,"['Red Granite Pictures', 'Appian Way', 'Sikelia Productions', 'EMJAG Productions', 'Paramount']"
326,76203,12 Years a Slave,2013,7.9,"['Drama', 'History']",Steve McQueen,Chiwetel Ejiofor,187000000,"['New Regency Pictures', 'Plan B Entertainment', 'River Road Entertainment', 'Regency Enterprises', 'Film4 Productions']"
327,152532,Dallas Buyers Club,2013,7.9,"['Drama', 'History']",Jean-Marc Vallée,Matthew McConaughey,55736588,"['Truth Entertainment', 'Voltage Pictures', 'CE', 'Evolution Independent', 'R² Films', 'Rainmaker Films', 'Focus Features']"
328,142061,"Batman: The Dark Knight Returns, Part 2",2013,7.9,"['Science Fiction', 'Action', 'Animation', 'Mystery']",Jay Oliva,Peter Weller,0,"['DC Comics', 'Warner Premiere', 'DC Entertainment', 'Warner Bros. Animation']"
329,122906,About Time,2013,7.9,"['Drama', 'Romance', 'Fantasy']",Richard Curtis,Domhnall Gleeson,87100449,"['Working Title Films', 'Translux', 'Universal Pictures', 'Relativity Media']"
330,183011,Justice League: The Flashpoint Paradox,2013,7.9,"['Science Fiction', 'Animation', 'Action', 'Adventure']",Jay Oliva,Justin Chambers,0,"['DC Entertainment', 'Warner Bros. Animation', 'Warner Premiere', 'STUDIO4℃']"
331,191720,Jodorowsky's Dune,2013,7.9,['Documentary'],Frank Pavich,Alejandro Jodorowsky,0,"['Snowfort Pictures', 'Caméra One', 'Endless Picnic']"
332,152601,Her,2013,7.9,"['Romance', 'Science Fiction', 'Drama']",Spike Jonze,Joaquin Phoenix,47351251,"['Annapurna Pictures', 'Warner Bros. Pictures']"
333,158999,Blackfish,2013,7.9,['Documentary'],Gabriela Cowperthwaite,Dean Gomersall,2063312,['Manny O Productions']
334,152742,The Best Offer,2013,7.8,"['Drama', 'Romance', 'Crime']",Giuseppe Tornatore,Geoffrey Rush,19255873,"['Regione Lazio', 'PACO Cinematografica', 'Business Location Sudtirol Alto Adige', 'Friuli Venezia Giulia Film Commission', 'UniCredit Group']"
335,149870,The Wind Rises,2013,7.8,"['Drama', 'Animation', 'War']",Hayao Miyazaki,Hideaki Anno,117932401,"['Studio Ghibli', 'Nippon Television Network Corporation', 'dentsu', 'Hakuhodo DY Media Partners', 'The Walt Disney Company (Japan)', 'd-rights', 'TOHO']"
336,169813,Short Term 12,2013,7.8,['Drama'],Destin Daniel Cretton,Brie Larson,1645164,"['Traction Media', 'Animal Kingdom']"
337,211954,Instructions Not Included,2013,7.7,"['Comedy', 'Drama']",Eugenio Derbez,Eugenio Derbez,99067206,"['Pantelion Films', 'Filmax', 'Pinema', 'Televisa', 'Videocine']"
338,96721,Rush,2013,7.7,"['Drama', 'Action']",Ron Howard,Chris Hemsworth,90247624,"['Revolution Films', 'Working Title Films', 'Imagine Entertainment']"
339,203217,My Mom Is a Character,2013,7.7,['Comedy'],André Pellenz,Paulo Gustavo,20552094,"['Cenoura Filmes', 'Globo Filmes', 'Migdal Filmes', 'Paris Filmes', 'RioFilme', 'Downtown Filmes', 'Telecine']"
340,157336,Interstellar,2014,8.4,"['Adventure', 'Drama', 'Science Fiction']",Christopher Nolan,Matthew McConaughey,701729206,"['Legendary Pictures', 'Syncopy', 'Lynda Obst Productions']"
341,244786,Whiplash,2014,8.4,"['Drama', 'Music']",Damien Chazelle,Miles Teller,13092000,"['Bold Films', 'Blumhouse Productions', 'Right of Way Films', 'Sierra/Affinity', 'Sony Pictures']"
342,265177,Mommy,2014,8.2,['Drama'],Xavier Dolan,Anne Dorval,3494070,"['Metafilms', 'Sons of Manual']"
343,265297,The Salt of the Earth,2014,8.1,['Documentary'],Wim Wenders,Sebastião Salgado,1059804,"['Secretaria de Estado de Cultura do Espírito Santo', 'Decia Films', 'Amazonas Images', 'Solares Fondazione delle arti', 'La Région Île-de-France', 'Maison Européenne de la Photographie', 'Serviçio Social do Comércio']"
344,120467,The Grand Budapest Hotel,2014,8.1,"['Comedy', 'Drama']",Wes Anderson,Ralph Fiennes,174600318,"['Fox Searchlight Pictures', 'Scott Rudin Productions', 'Studio Babelsberg', 'Indian Paintbrush', 'TSG Entertainment', 'American Empirical Pictures']"
345,110416,Song of the Sea,2014,8.0,"['Family', 'Animation', 'Fantasy']",Tomm Moore,David Rawle,857522,"['Digital Graphics', 'Big Farm', 'Cartoon Saloon', 'Super Productions', 'Magellan Films', 'Noerlum Studios', 'Studio 352', 'Fís Éireann/Screen Ireland', 'Melusine Productions', 'StudioCanal', 'WestEnd Films', 'Eurimages', 'MEDIA Programme of the European Union', 'Haut et Court', 'CNC', 'OCS']"
346,205596,The Imitation Game,2014,8.0,"['History', 'Drama', 'Thriller', 'War']",Morten Tyldum,Benedict Cumberbatch,233600000,"['Bristol Automotive', 'Black Bear Pictures', 'FilmNation Entertainment']"
347,242828,When Marnie Was There,2014,8.0,"['Animation', 'Drama']",Hiromasa Yonebayashi,Sara Takatsuki,34949567,"['Studio Ghibli', 'Hakuhodo DY Media Partners', 'KDDI', 'Nippon Television Network Corporation', 'TOHO', 'dentsu', 'Universal Studios Home Entertainment', 'The Walt Disney Company (Japan)', 'Mitsubishi']"
348,237791,The Way He Looks,2014,7.9,"['Drama', 'Romance']",Daniel Ribeiro,Ghilherme Lobo,0,['Lacuna Filmes']
349,118340,Guardians of the Galaxy,2014,7.9,"['Action', 'Science Fiction', 'Adventure']",James Gunn,Chris Pratt,772776600,['Marvel Studios']
350,210577,Gone Girl,2014,7.9,"['Mystery', 'Thriller', 'Drama']",David Fincher,Ben Affleck,369300000,"['20th Century Fox', 'Regency Enterprises']"
351,265195,Wild Tales,2014,7.9,"['Drama', 'Thriller', 'Comedy']",Damián Szifron,Ricardo Darín,27000000,"['Warner Bros. Pictures', 'El Deseo', 'K & S Films', 'Telefe', 'INCAA', 'Warner Bros. Entertainment España']"
352,266856,The Theory of Everything,2014,7.9,"['Drama', 'Romance']",James Marsh,Eddie Redmayne,123726688,['Working Title Films']
353,293299,Feast,2014,7.8,"['Animation', 'Comedy', 'Drama', 'Family']",Patrick Osborne,Stephen Apostolina,0,['Walt Disney Animation Studios']
354,200727,"Love, Rosie",2014,7.8,"['Romance', 'Drama', 'Comedy']",Christian Ditter,Lily Collins,4439431,"['Constantin Film', 'Octagon Films', 'Canyon Creek Films', 'Mister Smith Entertainment', 'FFF Bayern', 'FFA', 'MEDIA Programme of the European Union', 'OMDC']"
355,113833,The Normal Heart,2014,7.8,['Drama'],Ryan Murphy,Mark Ruffalo,0,"['HBO Films', 'Plan B Entertainment', 'Ryan Murphy Productions', 'Blumhouse Productions', '20th Century Fox Television']"
356,317442,The Last: Naruto the Movie,2014,7.8,"['Action', 'Romance', 'Animation']",Tsuneo Kobayashi,Junko Takeuchi,19840000,['Aniplex']
357,293310,Citizenfour,2014,7.8,['Documentary'],Laura Poitras,Edward Snowden,3003169,"['Praxis Films', 'Participant', 'HBO Documentary Films', 'JustFilms / Ford Foundation', 'The Bertha Foundation', 'RADiUS-TWC']"
358,177572,Big Hero 6,2014,7.7,"['Adventure', 'Family', 'Animation', 'Action', 'Comedy']",Chris Williams,Scott Adsit,657827828,"['Walt Disney Pictures', 'Walt Disney Animation Studios']"
359,234200,Pride,2014,7.7,"['Drama', 'Comedy']",Matthew Warchus,George MacKay,7523634,"['Calamity Films', 'BBC Film', 'Pathé', 'Pathe', 'Canal+', 'Ciné+', 'Ingenious Media']"
360,310569,The Second Mother,2015,8.0,['Drama'],Anna Muylaert,Regina Casé,0,"['África Filmes', 'Gullane Entretenimento', 'Oscilloscope']"
361,264644,Room,2015,8.0,"['Drama', 'Thriller']",Lenny Abrahamson,Brie Larson,35401758,"['Elevation Pictures', 'Téléfilm Canada', 'Element Pictures', 'FilmNation Entertainment', 'No Trace Camping', 'Film4 Productions', 'Fís Éireann/Screen Ireland']"
362,315465,The Boy and the Beast,2015,8.0,"['Action', 'Adventure', 'Animation', 'Drama', 'Family', 'Fantasy']",Mamoru Hosoda,Koji Yakusho,49714378,"['Nippon Television Network Corporation', 'Studio Chizu', 'TOHO', 'VAP', 'dentsu', 'Yomiuri Telecasting Corporation', 'D.N. Dream Partners', 'Sapporo Television Broadcasting Company', 'Miyagi Television Broadcasting', 'Shizuoka Daiichi Television', 'Hiroshima Telecasting', 'Fukuoka Broadcasting System', 'KADOKAWA', 'Chukyo TV Broadcasting Company']"
363,150540,Inside Out,2015,7.9,"['Animation', 'Family', 'Adventure', 'Drama', 'Comedy']",Pete Docter,Amy Poehler,857611174,"['Pixar', 'Walt Disney Pictures']"
364,359156,Don't Be Bad,2015,7.8,"['Crime', 'Drama']",Claudio Caligari,Luca Marinelli,0,"['Taodue Film', 'Kimera Film', 'RAI Cinema', 'Leone Film Group']"
365,314365,Spotlight,2015,7.8,"['Drama', 'History']",Tom McCarthy,Mark Ruffalo,98700000,"['Participant', 'Anonymous Content', 'Rocklin / Faust', 'First Look Media', 'Open Road Films', 'Entertainment One', 'Topic Studios', 'Seville International']"
366,335578,Land of Mine,2015,7.8,"['War', 'Drama', 'History']",Martin Zandvliet,Roland Møller,0,"['Nordisk Film Denmark', 'Amusement Park Films', 'Majgaard', 'K5 International', 'K5 Film', 'ZDF', 'Goethe Filmproduktion', 'Erfttal Film']"
367,277216,Straight Outta Compton,2015,7.8,"['Drama', 'Music', 'History']",F. Gary Gray,O'Shea Jackson Jr.,201600000,"['Broken Chair Flickz', 'Universal Pictures', 'Legendary Pictures', 'Cube Vision', 'Crucial Films', 'Circle of Confusion', 'Will Packer Productions', 'Xenon Pictures']"
368,336804,Mustang,2015,7.8,['Drama'],Deniz Gamze Ergüven,Güneş Nezihe Şensoy,5274664,"['CG Cinéma', 'Vistamar Filmproduktion', 'Uhlandfilm', 'Bam Film', 'Kinology', 'Ciné+', 'ZDF/Arte', 'Turkish Culture Ministry', 'Film- und Medienstiftung NRW', 'DFI', 'CNC', 'Canal+', 'FFA']"
369,273248,The Hateful Eight,2015,7.8,"['Drama', 'Mystery', 'Western']",Quentin Tarantino,Samuel L. Jackson,155760117,"['The Weinstein Company', 'Double Feature Films', 'FilmColony']"
370,319075,Cobain: Montage of Heck,2015,7.7,"['Documentary', 'Music']",Brett Morgen,Kurt Cobain,0,"['Public Road Productions', 'HBO Documentary Films']"
371,286217,The Martian,2015,7.7,"['Drama', 'Adventure', 'Science Fiction']",Ridley Scott,Matt Damon,630600000,"['Scott Free Productions', 'Genre Films', 'TSG Entertainment', '20th Century Fox']"
372,320007,Victoria,2015,7.6,"['Crime', 'Thriller', 'Romance']",Sebastian Schipper,Laia Costa,3191971,"['WDR', 'MonkeyBoy', 'RadicalMedia', 'ARTE', 'Deutschfilm', 'ARD', 'The Match Factory']"
373,318224,Going Clear: Scientology and the Prison of Belief,2015,7.6,['Documentary'],Alex Gibney,Paul Haggis,0,"['Sky Atlantic', 'Jigsaw Productions', 'HBO Documentary Films']"
374,348678,A Man Called Ove,2015,7.6,"['Comedy', 'Drama']",Hannes Holm,Rolf Lassgård,30692889,"['Nordsvensk Filmunderhållning', 'SVT', 'Film i Väst', 'Tre Vänner', 'Nordisk Film Sweden', 'Fantefilm']"
375,309809,The Little Prince,2015,7.6,"['Adventure', 'Animation', 'Fantasy', 'Family']",Mark Osborne,Riley Osborne,97571250,"['Orange Studio', 'ON Animation Studios', 'Canal+', 'CNC', 'LPPTV', 'M6 Films', 'On Entertainment', 'Lucky Red', 'Wild Bunch']"
376,306819,The Danish Girl,2015,7.6,['Drama'],Tom Hooper,Eddie Redmayne,64191523,"['Pretty Pictures', 'Working Title Films', 'Artémis Productions', 'Shelter Productions', 'Senator Global Productions', 'ReVision Pictures']"
377,283587,Beasts of No Nation,2015,7.6,"['Drama', 'War']",Cary Joji Fukunaga,Abraham Attah,9077700,"['Participant', 'Red Crown Productions', 'Levante Filmes', 'Mutressa Movies', 'Primary Productions', 'Parliament of Owls']"
378,331781,Amy,2015,7.6,"['Documentary', 'Music']",Asif Kapadia,Amy Winehouse,8413144,"['On the Corner Films', 'Universal Music Group', 'Film4 Productions']"
379,347201,Boruto: Naruto the Movie,2015,7.6,"['Animation', 'Action', 'Comedy']",Hiroyuki Yamashita,Yuko Sanpei,39500000,"['Pierrot', 'Studio Lagurus', 'Aniplex', 'Bandai Namco Entertainment', 'Bandai', 'dentsu', 'Shueisha', 'TV Tokyo', 'TOHO']"
380,372058,Your Name.,2016,8.5,"['Romance', 'Animation', 'Drama']",Makoto Shinkai,Ryunosuke Kamiki,358000000,"['CoMix Wave Films', 'TOHO', 'KADOKAWA', 'East Japan Marketing & Communications', 'AMUSE', 'voque ting', 'Lawson Entertainment', '4Kids Entertainment']"
381,378064,A Silent Voice: The Movie,2016,8.4,"['Animation', 'Drama']",Naoko Yamada,Miyu Irino,30200000,"['Kyoto Animation', 'ABC Animation', 'Kodansha', 'Pony Canyon', 'Quaras', 'Shochiku']"
382,290098,The Handmaiden,2016,8.2,"['Thriller', 'Drama', 'Romance']",Park Chan-wook,Kim Min-hee,38600000,"['Moho Film', 'Yong Film', 'CJ Entertainment']"
383,324786,Hacksaw Ridge,2016,8.2,"['Drama', 'History', 'War']",Mel Gibson,Andrew Garfield,175302354,"['Vendian Entertainment', 'Summit Entertainment', 'Cross Creek Pictures', 'IM Global', 'Screen Australia', 'Screen NSW', 'Permut Presentations', 'Pandemonium', 'Demarest Films', 'Bliss Media', 'Kylin Pictures', 'AI Film']"
384,399106,Piper,2016,8.2,"['Family', 'Animation']",Alan Barillaro,,0,"['Pixar', 'Walt Disney Pictures']"
385,334543,Lion,2016,8.1,['Drama'],Garth Davis,Dev Patel,140312928,"['The Weinstein Company', 'See-Saw Films', 'Screen Australia', 'Aquarius Films', 'Sunstar Entertainment']"
386,381284,Hidden Figures,2016,8.1,"['Drama', 'History']",Theodore Melfi,Taraji P. Henson,236000000,"['Fox 2000 Pictures', 'Levantine Films', 'Chernin Entertainment']"
387,378108,In This Corner of the World,2016,8.0,"['Drama', 'Animation', 'Romance', 'War', 'History']",Sunao Katabuchi,Non,19496308,"['GENCO', 'MAPPA']"
388,407806,13th,2016,8.0,['Documentary'],Ava DuVernay,Jelani Cobb,0,['Kandoo Films']
389,360814,Dangal,2016,7.9,"['Drama', 'Family', 'Comedy', 'Action']",Nitesh Tiwari,Aamir Khan,311000000,"['Aamir Khan Productions', 'Walt Disney Pictures', 'UTV Motion Pictures']"
390,404378,A Street Cat Named Bob,2016,7.9,"['Family', 'Drama']",Roger Spottiswoode,Luke Treadaway,17900000,"['Iris Productions', 'Shooting Script Films', 'Prescience', 'Stage 6 Films']"
391,296096,Me Before You,2016,7.9,"['Drama', 'Romance']",Thea Sharrock,Emilia Clarke,207945075,"['New Line Cinema', 'Sunswept Entertainment', 'Metro-Goldwyn-Mayer']"
392,334533,Captain Fantastic,2016,7.9,"['Adventure', 'Drama']",Matt Ross,Viggo Mortensen,23123592,"['Electric City Entertainment', 'ShivHans Pictures']"
393,313369,La La Land,2016,7.9,"['Comedy', 'Drama', 'Romance', 'Music']",Damien Chazelle,Ryan Gosling,447407695,"['Summit Entertainment', 'Black Label Media', 'Gilbert Films', 'Impostor Pictures', 'Marc Platt Productions', 'TIK Films']"
394,369557,Sing Street,2016,7.9,"['Romance', 'Drama', 'Music']",John Carney,Ferdia Walsh-Peelo,13624522,"['Cosmo Film', 'Filmwave Pictures', 'Distressed Films', 'FilmNation Entertainment', 'Likely Story', 'PalmStar Media']"
395,381341,Perfect Strangers,2016,7.9,"['Comedy', 'Drama']",Paolo Genovese,Giuseppe Battiston,31640626,"['Medusa Film', 'Mediaset Premium', 'MiC', 'EsseQuamVideri', 'Lotus Production']"
396,379170,Sherlock: The Abominable Bride,2016,7.9,"['Crime', 'Drama', 'Mystery', 'TV Movie']",Douglas Mackinnon,Benedict Cumberbatch,0,['BBC']
397,393559,My Life as a Zucchini,2016,7.8,"['Animation', 'Comedy', 'Drama', 'Family', 'Romance']",Claude Barras,Gaspard Schlatter,5873256,"['Gébéka Films', 'Rita Productions', 'Blue Spirit', 'KNM', 'RTS', 'SRG SSR', 'Auvergne-Rhône-Alpes Cinéma', 'France 3 Cinéma', 'Hélium Films']"
398,396535,Train to Busan,2016,7.8,"['Horror', 'Thriller', 'Action', 'Adventure']",Yeon Sang-ho,Gong Yoo,87547518,"['Next Entertainment World', 'RedPeter Film', 'Contents Panda', 'Union Investment Partners', 'KTB Network', 'Korean Film Council']"
399,382591,Two Is a Family,2016,7.8,"['Drama', 'Comedy']",Hugo Gélin,Omar Sy,1447740,"['Mars Films', 'Poisson Rouge Pictures', 'TF1 Films Production', 'Korokoro', 'Vendôme Production']"
400,354912,Coco,2017,8.2,"['Family', 'Animation', 'Fantasy', 'Music', 'Comedy', 'Adventure']",Lee Unkrich,Anthony Gonzalez,800500000,"['Pixar', 'Walt Disney Pictures']"
401,398818,Call Me by Your Name,2017,8.2,"['Romance', 'Drama']",Luca Guadagnino,Timothée Chalamet,43143046,"['La Cinéfacture', 'RT Features', 'Frenesy Film', ""Water's End Productions"", 'M.Y.R.A. Entertainment', 'CineFinance Italia']"
402,406997,Wonder,2017,8.2,"['Drama', 'Family']",Stephen Chbosky,Jacob Tremblay,305937718,"['Lionsgate', 'Participant', 'Walden Media', 'Mandeville Films']"
403,411088,The Invisible Guest,2017,8.1,"['Drama', 'Mystery', 'Thriller']",Oriol Paulo,Mario Casas,30000000,"['Think Studio', 'Nostromo Pictures', 'Colosé Producciones', 'ICEC', 'Movistar+', 'TV3', 'Atresmedia', 'Orange', 'Cosmopolitan TV']"
404,397567,Along with the Gods: The Two Worlds,2017,8.1,"['Action', 'Adventure', 'Drama', 'Fantasy', 'Thriller', 'Mystery']",Kim Yong-hwa,Ha Jung-woo,125983972,"['Lotte Entertainment', 'Dexter Studios', 'Realies Pictures', 'Korean Film Council', 'Alpha Pictures', 'kth', 'Union Investment Partners']"
405,359940,"Three Billboards Outside Ebbing, Missouri",2017,8.1,"['Crime', 'Drama']",Martin McDonagh,Frances McDormand,162729321,"['Blueprint Pictures', 'Cutting Edge Group', 'Fox Searchlight Pictures', 'Film4 Productions']"
406,437068,A Taxi Driver,2017,8.1,"['Action', 'Drama', 'History']",Jang Hoon,Song Kang-ho,81927980,"['The LAMP', 'Showbox']"
407,400928,Gifted,2017,8.0,"['Drama', 'Comedy']",Marc Webb,Chris Evans,40300000,"['Grade A Entertainment', 'Dayday Films', 'FilmNation Entertainment', 'Fox Searchlight Pictures']"
408,339877,Loving Vincent,2017,8.0,"['Animation', 'Drama', 'Mystery', 'History']",DK Welchman,Douglas Booth,42187665,"['Breakthru Films', 'Trademark Films', 'PISF', 'Odra Film', 'Good Deed Entertainment', 'Centrum Technologii Audiowizualnych CeTA']"
409,455661,In a Heartbeat,2017,8.0,"['Family', 'Animation', 'Romance', 'Comedy']",Beth David,Nick Ainsworth,0,['Ringling College of Art + Design']
410,488623,Forgotten,2017,8.0,"['Thriller', 'Mystery', 'Drama']",Jang Hang-jun,Kang Ha-neul,9968972,"['BA Entertainment', 'Michigan Venture Capital', 'Plus M Entertainment', 'Kiwi Media Group', 'Baram Pictures', 'Union Investment Partners', 'M-Line Distribution']"
411,455714,Bad Genius,2017,7.9,"['Drama', 'Crime', 'Thriller', 'Comedy']",Nattawut Poonpiriya,Chutimon Chuengcharoensukying,42350000,"['Jor Kwang Films', 'GDH 559']"
412,316029,The Greatest Showman,2017,7.9,['Drama'],Michael Gracey,Hugh Jackman,432844677,"['Chernin Entertainment', '20th Century Fox', 'TSG Entertainment']"
413,435129,The Breadwinner,2017,7.9,"['Animation', 'War', 'Drama']",Nora Twomey,Saara Chaudry,312381,"['Cartoon Saloon', 'Jolie Pas', 'Téléfilm Canada', 'Fís Éireann/Screen Ireland', 'Aircraft Pictures', 'Melusine Productions', 'GKIDS']"
414,430424,See You Up There,2017,7.9,"['Drama', 'Crime', 'War']",Albert Dupontel,Nahuel Pérez Biscayart,15100000,"['Gaumont', 'Stadenn Productions', 'Manchester Films', 'France 2 Cinéma', 'Canal+', 'Ciné+', 'France Télévisions', 'Entourage Pictures']"
415,398924,A Bag of Marbles,2017,7.8,"['War', 'Drama']",Christian Duguay,Dorian Le Clech,10898998,"['TF1 Films Production', 'Forecast Pictures', 'Main Journey', 'Gaumont', 'Quad Productions', 'IDL Films', 'Compagnie Cinématographique, La', 'Panache Productions', 'Proximus', 'Okko Production']"
416,263115,Logan,2017,7.8,"['Action', 'Drama', 'Science Fiction']",James Mangold,Hugh Jackman,619021436,"['Hutch Parker Entertainment', ""The Donners' Company"", 'Genre Films', '20th Century Fox']"
417,428493,God's Own Country,2017,7.8,"['Romance', 'Drama']",Francis Lee,Josh O'Connor,2559939,"['BFI', 'Inflammable Films', 'Met Film Production', 'Shudder Films', 'Creative England', 'Magic Bear Productions']"
418,413594,Sword Art Online: The Movie – Ordinal Scale,2017,7.7,"['Animation', 'Action', 'Adventure', 'Fantasy', 'Romance', 'Science Fiction']",Tomohiko Ito,Yoshitsugu Matsuoka,20725409,"['A-1 Pictures', 'Aniplex', 'ASCII Media Works', 'Bandai Namco Entertainment', 'GENCO', 'EGG FIRM']"
419,451945,BPM (Beats per Minute),2017,7.7,['Drama'],Robin Campillo,Nahuel Pérez Biscayart,7632420,"['France 3 Cinéma', 'Memento Films Production', 'Page 114', 'Les Films de Pierre', 'Playtime']"
420,324857,Spider-Man: Into the Spider-Verse,2018,8.4,"['Action', 'Adventure', 'Animation', 'Science Fiction']",Rodney Rothman,Shameik Moore,375464627,"['Columbia Pictures', 'Lord Miller', 'Pascal Pictures', 'Sony Pictures Animation', 'Arad Productions']"
421,299536,Avengers: Infinity War,2018,8.3,"['Adventure', 'Action', 'Science Fiction']",Anthony Russo,Robert Downey Jr.,2052415039,['Marvel Studios']
422,504253,I Want to Eat Your Pancreas,2018,8.3,"['Animation', 'Drama', 'Romance']",Shinichiro Ushijima,Mahiro Takasugi,33748006,"['ABC Animation', 'Aniplex', 'East Japan Marketing & Communications', 'Futabasha', 'Studio VOLN', 'Tohan', 'The Asahi Shimbun']"
423,490132,Green Book,2018,8.2,"['Drama', 'History']",Peter Farrelly,Viggo Mortensen,319700000,"['Participant', 'DreamWorks Pictures', 'Cinetic Media', 'Innisfree Pictures', 'Alibaba Pictures Group']"
424,476292,Maquia: When the Promised Flower Blooms,2018,8.2,"['Adventure', 'Animation', 'Drama', 'Family', 'Fantasy', 'Romance']",Mari Okada,Manaka Iwami,4300000,"['P.A.WORKS', 'Bandai Visual', 'Hakuhodo DY Music & Pictures', 'Lantis', 'Cygames']"
425,517814,Capernaum,2018,8.2,['Drama'],Nadine Labaki,Zain Al Rafeea,64978931,"['Boo Pictures', 'Mooz Films', 'Cedrus Invest Bank', 'Clandestino Filmes', 'DFI', 'KNM Films', 'Les Films des Tournelles', 'Louverture Films', 'Open City Films', 'Sunnyland Film', 'The Bridge Production', 'Sony Pictures Classics', 'Wild Bunch']"
426,518068,Along with the Gods: The Last 49 Days,2018,8.2,"['Action', 'Adventure', 'Drama', 'Fantasy', 'Thriller', 'Mystery']",Kim Yong-hwa,Ha Jung-woo,112790210,"['Lotte Entertainment', 'Dexter Studios', 'Realies Pictures', 'Union Investment Partners', 'Korean Film Council', 'Art Service', 'Alpha Pictures']"
427,470044,The Hate U Give,2018,8.2,"['Crime', 'Drama']",George Tillman Jr.,Amandla Stenberg,34934009,['Temple Hill Entertainment']
428,550776,Believe Me: The Abduction of Lisa McVey,2018,8.1,"['Drama', 'TV Movie']",Jim Donovan,Katie Douglas,0,['Cineflix Productions']
429,538362,On My Skin,2018,8.1,['Drama'],Alessio Cremonini,Alessandro Borghi,0,"['Cinemaundici', 'Lucky Red']"
430,449176,"Love, Simon",2018,8.0,"['Comedy', 'Drama', 'Romance']",Greg Berlanti,Nick Robinson,66316289,"['Temple Hill Entertainment', 'Fox 2000 Pictures', 'New Leaf Literary & Media', '20th Century Fox', 'Twisted Media']"
431,490003,Won't You Be My Neighbor?,2018,8.0,['Documentary'],Morgan Neville,Margaret Whitmer,22835787,"['Tremolo Productions', 'Impact Partners', 'Independent Lens', 'PBS']"
432,424694,Bohemian Rhapsody,2018,8.0,"['Music', 'Drama']",Bryan Singer,Rami Malek,910800000,"['20th Century Fox', 'Regency Enterprises', 'GK Films', 'TSG Entertainment']"
433,515042,Free Solo,2018,7.9,"['Documentary', 'Adventure']",Elizabeth Chai Vasarhelyi,Alex Honnold,21790193,"['National Geographic Documentary Films', 'Little Monster Films', 'Itinerant Media', 'Parkes+MacDonald Image Nation']"
434,505262,My Hero Academia: Two Heroes,2018,7.9,"['Animation', 'Action', 'Adventure', 'Fantasy']",Kenji Nagasaki,Daiki Yamashita,31478826,"['BONES', 'Yomiuri Telecasting Corporation', 'Shueisha', 'Nippon Television Network Corporation', 'dentsu', 'Sony Music Entertainment', 'movic', 'TOHO', 'TOHO MUSIC']"
435,503314,Dragon Ball Super: Broly,2018,7.9,"['Action', 'Science Fiction', 'Animation']",Tatsuya Nagamine,Masako Nozawa,125002821,"['Toei Animation', 'Shueisha', 'Fuji Television Network', 'Toei Company', 'Bird Studios', '20th Century Fox Japan', 'YOMIKO Advertising', 'Bandai Namco Group', 'avex pictures', 'RISINGPRODUCTION']"
436,505192,Shoplifters,2018,7.9,"['Drama', 'Crime', 'Thriller']",Hirokazu Kore-eda,Lily Franky,0,"['Fuji Television Network', 'AOI Pro.', 'BUN-BUKU', 'GAGA Corporation']"
437,399174,Isle of Dogs,2018,7.9,"['Adventure', 'Comedy', 'Animation']",Wes Anderson,Bryan Cranston,64337744,"['Studio Babelsberg', 'American Empirical Pictures', 'Indian Paintbrush', 'Scott Rudin Productions']"
438,419478,Midnight Sun,2018,7.8,"['Romance', 'Drama']",Scott Speer,Bella Thorne,27365467,"['Boies/Schiller Film Group', 'Wrigley Pictures', 'Universal Pictures']"
439,423612,Never Look Away,2018,7.8,"['Drama', 'Romance']",Florian Henckel von Donnersmarck,Tom Schilling,4831836,"['Pergamon Film', 'Wiedemann & Berg Film', 'Beta Cinema', 'ARTE', 'ARD']"
440,496243,Parasite,2019,8.5,"['Comedy', 'Thriller', 'Drama']",Bong Joon-ho,Song Kang-ho,257591776,['Barunson E&A']
441,527641,Five Feet Apart,2019,8.3,"['Romance', 'Drama']",Justin Baldoni,Haley Lu Richardson,92600000,"['Wayfarer Entertainment', 'CBS Films']"
442,637920,Miracle in Cell No. 7,2019,8.3,['Drama'],Mehmet Ada Öztekin,Aras Bulut İynemli,19289062,"['Lanistar Media', 'Motion Content Group', 'CJ Entertainment Turkey']"
443,299534,Avengers: Endgame,2019,8.3,"['Adventure', 'Science Fiction', 'Action']",Anthony Russo,Robert Downey Jr.,2800000000,['Marvel Studios']
444,508965,Klaus,2019,8.2,"['Animation', 'Family', 'Adventure', 'Comedy', 'Fantasy']",Sergio Pablos,Jason Schwartzman,0,"['Atresmedia', 'The SPA Studios']"
445,537061,Steven Universe: The Movie,2019,8.2,"['TV Movie', 'Animation', 'Science Fiction', 'Action', 'Adventure', 'Comedy', 'Drama', 'Fantasy', 'Music']",Rebecca Sugar,Zach Callison,0,"['Cartoon Network Studios', 'Cartoon Network Studios']"
446,522924,The Art of Racing in the Rain,2019,8.2,"['Drama', 'Romance']",Simon Curtis,Milo Ventimiglia,33766787,"['Original Film', 'Shifting Gears Productions', 'Fox 2000 Pictures', 'Starbucks Entertainment']"
447,592350,My Hero Academia: Heroes Rising,2019,8.2,"['Animation', 'Action', 'Fantasy', 'Adventure']",Kenji Nagasaki,Daiki Yamashita,29900850,"['BONES', 'dentsu', 'movic', 'Nippon Television Network Corporation', 'Shueisha', 'Sony Music Entertainment', 'Yomiuri Telecasting Corporation', 'TOHO', 'TOHO MUSIC']"
448,606856,Togo,2019,8.2,"['Adventure', 'Family']",Ericson Core,Willem Dafoe,0,['Walt Disney Pictures']
449,531428,Portrait of a Lady on Fire,2019,8.2,"['Drama', 'Romance']",Céline Sciamma,Noémie Merlant,9923127,"['Lilies Films', 'ARTE France Cinéma', 'Hold Up Films']"
450,475557,Joker,2019,8.2,"['Crime', 'Thriller', 'Drama']",Todd Phillips,Joaquin Phoenix,1074458282,"['Warner Bros. Pictures', 'Joint Effort', 'Village Roadshow Pictures', 'Bron Studios', 'DC Films']"
451,638507,How to Train Your Dragon: Homecoming,2019,8.1,"['Animation', 'Fantasy', 'Adventure', 'Action', 'Family']",Tim Johnson,Jay Baruchel,0,['DreamWorks Animation']
452,522518,A Dog's Journey,2019,8.1,"['Family', 'Adventure', 'Drama']",Gail Mancuso,Marg Helgenberger,78871079,"['Amblin Entertainment', 'Reliance Entertainment', 'Walden Media', 'Alibaba Pictures Group', 'Pariah']"
453,515001,Jojo Rabbit,2019,8.0,"['Comedy', 'War', 'Drama']",Taika Waititi,Roman Griffin Davis,82468705,"['Fox Searchlight Pictures', 'Defender Films', 'Piki Films', 'TSG Entertainment', 'Czech Anglo Productions']"
454,359724,Ford v Ferrari,2019,8.0,"['Drama', 'Action', 'History']",James Mangold,Christian Bale,225508210,"['20th Century Fox', 'TSG Entertainment', 'Chernin Entertainment', 'Turnpike Films']"
455,568160,Weathering with You,2019,8.0,"['Animation', 'Drama', 'Fantasy', 'Romance']",Makoto Shinkai,Kotaro Daigo,186965409,"['CoMix Wave Films', 'Story', 'TOHO', 'KADOKAWA', 'voque ting', 'East Japan Marketing & Communications', 'Lawson Entertainment', '""Weathering With You"" Film Partners']"
456,554596,No Manches Frida 2,2019,8.0,['Comedy'],Nacho G. Velilla,Omar Chaparro,0,['Epoca Films']
457,530915,1917,2019,8.0,"['War', 'Action', 'Drama']",Sam Mendes,George MacKay,394638258,"['DreamWorks Pictures', 'Reliance Entertainment', 'New Republic Pictures', 'Neal Street Productions', 'Mogambo Films', 'Amblin Partners']"
458,491480,The Boy Who Harnessed the Wind,2019,7.9,"['Drama', 'History', 'Family']",Chiwetel Ejiofor,Maxwell Simba,0,"['Participant', 'BBC Film', 'BFI', 'Potboiler Productions']"
459,522212,Just Mercy,2019,7.9,"['Drama', 'Crime', 'History']",Destin Daniel Cretton,Michael B. Jordan,50401502,"['Netter Productions', 'Outlier Society Productions', 'Endeavor Content', 'MACRO', 'One Community', 'Participant', 'Warner Bros. Pictures']"
460,696374,Gabriel's Inferno,2020,8.4,"['Romance', 'Drama']",Tosca Musk,Melanie Zanetti,0,['PassionFlix']
461,724089,Gabriel's Inferno: Part II,2020,8.4,"['Romance', 'Drama']",Tosca Musk,Melanie Zanetti,0,['PassionFlix']
462,761053,Gabriel's Inferno: Part III,2020,8.4,"['Romance', 'Drama']",Tosca Musk,Melanie Zanetti,0,['PassionFlix']
463,447362,Life in a Year,2020,8.3,"['Drama', 'Romance']",Mitja Okorn,Jaden Smith,0,"['Columbia Pictures', 'Overbrook Entertainment']"
464,630566,Clouds,2020,8.3,"['Music', 'Drama', 'Romance']",Justin Baldoni,Fin Argus,0,"['Warner Bros. Pictures', 'Mad Chance', 'La Scala Films', 'Wayfarer Studios']"
465,635302,Demon Slayer -Kimetsu no Yaiba- The Movie: Mugen Train,2020,8.3,"['Action', 'Animation', 'Adventure', 'Fantasy', 'Thriller']",Haruo Sotozaki,Natsuki Hanae,503063688,"['ufotable', 'Aniplex', 'Shueisha', 'TOHO']"
466,618344,Justice League Dark: Apokolips War,2020,8.3,"['Animation', 'Action', 'Science Fiction']",Matt Peters,Matt Ryan,0,"['Warner Bros. Animation', 'DC Entertainment']"
467,441130,Wolfwalkers,2020,8.2,"['Animation', 'Family', 'Adventure', 'Fantasy']",Tomm Moore,Honor Kneafsey,1266570,"['Cartoon Saloon', 'Melusine Productions', 'Value&Power Culture Communications', 'Film Fund Luxembourg', 'Fís Éireann/Screen Ireland', 'Broadcasting Authority of Ireland', 'Haut et Court', 'Canal+', 'RTÉ', 'OCS', 'Pôle Image Magelis', 'Folivari', 'GKIDS']"
468,556574,Hamilton,2020,8.2,"['History', 'Drama']",Thomas Kail,Lin-Manuel Miranda,0,"['RadicalMedia', '5000 Broadway Productions', 'Nevis Productions', 'Old 320 Sycamore']"
469,755812,"Miraculous World: New York, United HeroeZ",2020,8.2,"['Animation', 'TV Movie', 'Fantasy', 'Action']",Thomas Astruc,Annouck Hautbois,0,"['Zagtoon', 'Method Animation', 'SAMG Animation', 'TF1', 'Gloob', 'Norman Studio', 'Télé-Québec', 'The Walt Disney Company EMEA']"
470,600354,The Father,2020,8.1,['Drama'],Florian Zeller,Anthony Hopkins,21029340,"['Trademark Films', 'F Comme Film', 'Ciné-@', 'Embankment Films', 'Film4 Productions', 'Canal+', 'Ciné+', 'Orange Studio', 'Les Films du Cru', 'AG Studios NYC', 'Simon Friend Entertainment', 'Viewfinder', 'CAA Media Finance', 'Sony Pictures Classics']"
471,508442,Soul,2020,8.1,"['Animation', 'Family', 'Comedy', 'Fantasy', 'Drama']",Pete Docter,Jamie Foxx,121000000,"['Walt Disney Pictures', 'Pixar']"
472,664767,Mortal Kombat Legends: Scorpion's Revenge,2020,8.1,"['Animation', 'Action', 'Fantasy']",Ethan Spaulding,Patrick Seitz,0,['Warner Bros. Animation']
473,653567,Miss Americana,2020,7.9,"['Documentary', 'Music']",Lana Wilson,Taylor Swift,0,['Tremolo Productions']
474,682110,My Octopus Teacher,2020,7.9,['Documentary'],James Reed,Craig Foster,0,"['The Sea Change Project', 'Off the Fence']"
475,667520,A Whisker Away,2020,7.9,"['Animation', 'Drama', 'Romance', 'Fantasy']",Junichi Sato,Mirai Shida,0,['Studio Colorido']
476,523781,Words on Bathroom Walls,2020,7.9,"['Drama', 'Romance']",Thor Freudenthal,Charlie Plummer,0,['LD Entertainment']
477,677638,We Bare Bears: The Movie,2020,7.8,"['Animation', 'Adventure', 'Family', 'Comedy', 'TV Movie']",Daniel Chong,Eric Edelstein,0,['Cartoon Network Studios']
478,609242,The Heist of the Century,2020,7.8,"['Comedy', 'Thriller', 'Crime']",Ariel Winograd,Guillermo Francella,7627100,"['Viacom International Inc.', 'Telefe', 'AZ Films', 'MarVista Entertainment', 'Film Tonic', 'INCAA', 'Cine Argentino']"
479,656563,Rich in Love,2020,7.7,"['Romance', 'Comedy']",Bruno Garotti,Danilo Mesquita,0,['Ananã Produções']
480,283566,Evangelion: 3.0+1.0 Thrice Upon a Time,2021,8.3,"['Animation', 'Action', 'Science Fiction', 'Drama']",Hideaki Anno,Megumi Ogata,92300000,['khara']
481,810693,Jujutsu Kaisen 0,2021,8.2,"['Animation', 'Action', 'Fantasy']",Sunghoo Park,Megumi Ogata,195870885,"['MAPPA', 'Shueisha', 'Sumzap', 'MBS', 'TOHO']"
482,791373,Zack Snyder's Justice League,2021,8.2,"['Action', 'Adventure', 'Fantasy']",Zack Snyder,Ben Affleck,0,"['Warner Bros. Pictures', 'The Stone Quarry', 'Atlas Entertainment', 'Access Entertainment', 'Dune Entertainment', 'DC Films']"
483,458220,Palmer,2021,8.2,['Drama'],Fisher Stevens,Justin Timberlake,0,"['SK Global Entertainment', 'Sidney Kimmel Entertainment']"
484,337404,Cruella,2021,8.0,"['Comedy', 'Crime']",Craig Gillespie,Emma Stone,233503234,"['Walt Disney Pictures', 'Gunn Films', 'Marc Platt Productions']"
485,615457,Nobody,2021,8.0,"['Action', 'Thriller']",Ilya Naishuller,Bob Odenkirk,61779301,"['87North Productions', 'Odenkirk Provissiero Entertainment', 'Eighty Two Films']"
486,634649,Spider-Man: No Way Home,2021,8.0,"['Action', 'Adventure', 'Science Fiction']",Jon Watts,Tom Holland,1921847111,"['Marvel Studios', 'Pascal Pictures', 'Columbia Pictures']"
487,776503,CODA,2021,8.0,"['Drama', 'Music', 'Romance']",Siân Heder,Emilia Jones,1600000,"['Vendôme Pictures', 'Pathé', 'Picture Perfect Entertainment']"
488,482321,Ron's Gone Wrong,2021,8.0,"['Animation', 'Science Fiction', 'Family', 'Comedy']",Sarah Smith,Zach Galifianakis,60692022,"['Locksmith Animation', 'TSG Entertainment', 'DNEG Animation']"
489,550205,Wish Dragon,2021,7.9,"['Animation', 'Family', 'Comedy', 'Fantasy']",Chris Appelhans,Jimmy Wong,25860000,"['Sony Pictures Animation', 'Tencent Pictures', 'Base FX', 'Beijing Sparkle Roll Media Corporation', 'Flagship Entertainment Group', 'Columbia Pictures']"
490,501929,The Mitchells vs. the Machines,2021,7.9,"['Animation', 'Adventure', 'Comedy']",Jeff Rowe,Abbi Jacobson,0,"['Lord Miller', 'Columbia Pictures', 'Sony Pictures Animation', 'One Cool Film Production']"
491,522402,Finch,2021,7.9,"['Science Fiction', 'Drama', 'Adventure']",Miguel Sapochnik,Tom Hanks,0,"['Amblin Entertainment', 'ImageMovers', 'Misher Films', 'Reliance Entertainment']"
492,691179,Friends: The Reunion,2021,7.9,['Documentary'],Ben Winston,Jennifer Aniston,0,"['Bright/Kauffman/Crane Productions', 'Warner Horizon Unscripted Television', 'Fulwell 73 Productions']"
493,438695,Sing 2,2021,7.9,"['Animation', 'Family', 'Music', 'Comedy']",Garth Jennings,Matthew McConaughey,406000000,"['Universal Pictures', 'Illumination']"
494,726684,Miraculous World: Shanghai – The Legend of Ladydragon,2021,7.9,"['Animation', 'Fantasy', 'Action', 'TV Movie']",Thomas Astruc,Annouck Hautbois,0,"['Zagtoon', 'Method Animation', 'SAMG Animation', 'TF1', 'Gloob', 'Télé-Québec', 'Norman Studio', 'Gravity Animation', 'The Walt Disney Company EMEA']"
495,527774,Raya and the Last Dragon,2021,7.9,"['Animation', 'Family', 'Fantasy', 'Action', 'Adventure']",Don Hall,Kelly Marie Tran,130423032,"['Walt Disney Pictures', 'Walt Disney Animation Studios']"
496,508943,Luca,2021,7.9,"['Animation', 'Comedy', 'Fantasy', 'Adventure', 'Family']",Enrico Casarosa,Jacob Tremblay,49750471,"['Pixar', 'Walt Disney Pictures']"
497,776305,Belle,2021,7.8,"['Animation', 'Science Fiction', 'Family']",Mamoru Hosoda,Kaho Nakamura,63501160,"['Studio Chizu', 'Nippon Television Network Corporation', 'dentsu', 'TOHO', 'KADOKAWA', 'Hakuhodo DY Media Partners', 'Yomiuri Telecasting Corporation', 'BookWalker', 'NTT Docomo', 'Lawson Entertainment', 'Yomiuri Shimbun Company', 'movic', 'Charades']"
498,438631,Dune,2021,7.8,"['Science Fiction', 'Adventure']",Denis Villeneuve,Timothée Chalamet,402027830,['Legendary Pictures']
499,770254,Back to the Outback,2021,7.8,"['Animation', 'Family', 'Adventure', 'Comedy']",Harry Cripps,Isla Fisher,0,"['Weed Road Pictures', 'Reel FX Creative Studios']"
